accession,name,synonyms,chemical_formula,average_molecular_weight,monisotopic_molecular_weight,iupac_name,traditional_iupac,cas_registry_number,smiles,inchi,inchikey
HMDB0000008,2-Hydroxybutyric acid,(S)-2-Hydroxybutanoic acid|2-Hydroxybutyrate|2-Hydroxybutyric acid|L-2-Hydroxybutanoic acid|L-2-Hydroxybutyric acid|L-alpha-Hydroxybutanoic acid|L-alpha-Hydroxybutyric acid|(S)-2-Hydroxybutanoate|L-2-Hydroxybutanoate|L-2-Hydroxybutyrate|L-a-Hydroxybutanoate|L-a-Hydroxybutanoic acid|L-alpha-Hydroxybutanoate|L-Α-hydroxybutanoate|L-Α-hydroxybutanoic acid|L-a-Hydroxybutyrate|L-a-Hydroxybutyric acid|L-alpha-Hydroxybutyrate|L-Α-hydroxybutyrate|L-Α-hydroxybutyric acid|(S)-2-Hydroxybutyrate|2-Hydroxybutanoate|(+)-2-Hydroxy-n-butyric acid|(+)-2-Hydroxybutanoic acid|(+)-2-Hydroxybutyric acid|(+)-alpha-Hydroxybutyric acid|(+)-α-Hydroxybutyric acid|(2S)-2-Hydroxybutanoic acid|(S)-(+)-2-Hydroxybutanoic acid|(S)-2-Hydroxybutyric acid|2-Hydroxybutanoic acid|alpha-Hydroxy-n-butyric acid|alpha-Hydroxybutanoic acid|alpha-Hydroxybutyric acid|α-Hydroxy-n-butyric acid|α-Hydroxybutanoic acid|α-Hydroxybutyric acid,C4H8O3,104.105,104.047344118,(2S)-2-hydroxybutanoic acid,(S)-2-hydroxybutyric acid,3347-90-8,CC[C@H](O)C(O)=O,"InChI=1S/C4H8O3/c1-2-3(5)4(6)7/h3,5H,2H2,1H3,(H,6,7)/t3-/m0/s1",AFENDNXGAFYKQO-VKHMYHEASA-N
HMDB0000064,Creatine,((Amino(imino)methyl)(methyl)amino)acetic acid|(alpha-Methylguanido)acetic acid|(N-Methylcarbamimidamido)acetic acid|alpha-Methylguanidino acetic acid|Creatin|Kreatin|Methylglycocyamine|N-(Aminoiminomethyl)-N-methylglycine|N-[(e)-AMINO(imino)methyl]-N-methylglycine|N-Amidinosarcosine|N-Carbamimidoyl-N-methylglycine|N-Methyl-N-guanylglycine|((Amino(imino)methyl)(methyl)amino)acetate|(a-Methylguanido)acetate|(a-Methylguanido)acetic acid|(alpha-Methylguanido)acetate|(Α-methylguanido)acetate|(Α-methylguanido)acetic acid|(N-Methylcarbamimidamido)acetate|a-Methylguanidino acetate|a-Methylguanidino acetic acid|alpha-Methylguanidino acetate|Α-methylguanidino acetate|Α-methylguanidino acetic acid|Cosmocair C 100|Creatine hydrate|Krebiozon|Methylguanidoacetate|Methylguanidoacetic acid|N-(Aminoiminomethyl)-N-methyl-glycine|Phosphagen|[[Amino(imino)methyl](methyl)amino]acetate|[[Amino(imino)methyl](methyl)amino]acetic acid,C4H9N3O2,131.1332,131.069476547,2-(N-methylcarbamimidamido)acetic acid,creatine,57-00-1,CN(CC(O)=O)C(N)=N,"InChI=1S/C4H9N3O2/c1-7(4(5)6)2-3(8)9/h2H2,1H3,(H3,5,6)(H,8,9)",CVSVTCORWBXHQV-UHFFFAOYSA-N
HMDB0000072,cis-Aconitic acid,"(Z)-1-Propene-1,2,3-tricarboxylic acid|cis-1-Propene-1,2,3-tricarboxylic acid|(Z)-1-Propene-1,2,3-tricarboxylate|cis-1-Propene-1,2,3-tricarboxylate|cis-Aconitate|(1Z)-1-Propene-1,2,3-tricarboxylate|(1Z)-1-Propene-1,2,3-tricarboxylic acid|(Z)-Aconitate|(Z)-Aconitic acid|1-cis-2,3-Propenetricarboxylate|1-cis-2,3-Propenetricarboxylic acid|1-Propene-1,2,3-tricarboxylate|1-Propene-1,2,3-tricarboxylic acid|cis-Aconate|cis-Aconic acid|cis-Oxaloacetate|cis-Oxaloacetic acid|Acid, citridic|Acid, citridinic|Aconitic acid|Acontic acid|Adonic acid|Achilleic acid|Acid, acontic|Acid, equisetic|Citridinic acid|Acid, achilleic|Aconitate|Citridic acid|Pyrocitric acid|Acid, aconitic|Acid, adonic|Acid, carboxyglutaconic|Acid, pyrocitric|Carboxyglutaconic acid|Equisetic acid",C6H6O6,174.1082,174.016437924,"(1Z)-prop-1-ene-1,2,3-tricarboxylic acid",cis-aconitic acid,585-84-2,OC(=O)C\C(=C\C(O)=O)C(O)=O,"InChI=1S/C6H6O6/c7-4(8)1-3(6(11)12)2-5(9)10/h1H,2H2,(H,7,8)(H,9,10)(H,11,12)/b3-1-",GTZCVFVGUGFEME-IWQZZHSRSA-N
HMDB0000087,Dimethylamine,"DMA|HNMe2|Me2nh|N,N-Dimethylamine|(CH3)2nh|Dimethylamine anhydrous|Dimethylamine anhydrous (dot)|Dimethylamine aqueous solution|Dimethylamine hydrobromide|Dimethylamine solution|N-Methyl-methanamine|N-Methylmethanamine|N-Methylmethanamine (acd/name 4.0)|Dimethylamine nitrate|Dimethylamine perchlorate|Dimethylamine sulfate|Dimethylamine hydrochloride|Dimethylamine phosphate (3:1)|Dimethylamine, conjugate acid|Dimethylammonium chloride|Dimethylamine sulfate (1:1)|Dimethylammonium formate|Dimethylamine monosulfate",C2H7N,45.0837,45.057849229,dimethylamine,dimethylamine,124-40-3,CNC,"InChI=1S/C2H7N/c1-3-2/h3H,1-2H3",ROSDSFDQCJNGOL-UHFFFAOYSA-N
HMDB0000094,Citric acid,"2-Hydroxy-1,2,3-propanetricarboxylic acid|2-Hydroxytricarballylic acid|3-Carboxy-3-hydroxypentane-1,5-dioic acid|Citronensaeure|e330|H3Cit|Anhydrous citric acid|Citric acid anhydrous|2-Hydroxy-1,2,3-propanetricarboxylate|2-Hydroxytricarballylate|3-Carboxy-3-hydroxypentane-1,5-dioate|Anhydrous citrate|Citrate anhydrous|Citrate|Aciletten|beta-Hydroxytricarballylate|beta-Hydroxytricarballylic acid|Chemfill|Citraclean|Citretten|Citro|e 330|Hydrocerol a|Kyselina citronova|Suby g|Uro-trainer|Acid monohydrate, citric|Monohydrate, citric acid|Citric acid, anhydrous|Citric acid monohydrate|Uralyt u",C6H8O7,192.1235,192.02700261,"2-hydroxypropane-1,2,3-tricarboxylic acid",citric acid,77-92-9,OC(=O)CC(O)(CC(O)=O)C(O)=O,"InChI=1S/C6H8O7/c7-3(8)1-6(13,5(11)12)2-4(9)10/h13H,1-2H2,(H,7,8)(H,9,10)(H,11,12)",KRKNYBCHXYNGOX-UHFFFAOYSA-N
HMDB0000097,Choline,"Bilineurine|CHOLINE ion|N,N,N-Trimethylethanol-ammonium|N-Trimethylethanolamine|Trimethylethanolamine|Choline cation|(2-Hydroxyethyl)trimethyl ammonium|(2-Hydroxyethyl)trimethylammonium|(beta-Hydroxyethyl)trimethylammonium|2-Hydroxy-N,N,N-trimethyl-ethanaminium|2-Hydroxy-N,N,N-trimethylethanaminium|Biocolina|Biocoline|Cholinum|Hepacholine|Hormocline|Lipotril|N,N,N-Trimethylethanolammonium|Neocolina|Paresan|Choline O-sulfate|Citrate, choline|Fagine|Hydroxide, choline|Vidine|Bursine|Chloride, choline|Choline chloride|Choline citrate|Bitartrate, choline|Choline bitartrate|Choline hydroxide|Choline O sulfate|O-Sulfate, choline",C5H14NO,104.1708,104.107539075,(2-hydroxyethyl)trimethylazanium,choline,62-49-7,C[N+](C)(C)CCO,"InChI=1S/C5H14NO/c1-6(2,3)4-5-7/h7H,4-5H2,1-3H3/q+1",OEYIOHPDSNJKLS-UHFFFAOYSA-N
HMDB0000108,Ethanol,"1-Hydroxyethane|[CH2Me(OH)]|[OEtH]|Alcohol|Alcohol etilico|Alcool ethylique|Alkohol|Aethanol|Aethylalkohol|C2H5OH|Dehydrated ethanol|Etanol|Ethyl alcohol|EtOH|Hydroxyethane|Methylcarbinol|Spiritus vini|Anhydrous ethanol|Absolute alcohol|Absolute ethanol|Absolute ethyl alcohol|Alcare hand degermer|Alcohols|Alcool etilico|Algrain|Alkoholu etylowego|Anhydrol|Anhydrous alcohol|Cologne spirit|Cologne spirits|Dehydrated alcohol|Denatured alcohol|Denatured ethanol|Desinfektol el|Diluted alcohol|Distilled spirits|Ethanol 200 proof|Ethanol solution|Ethicap|Ethyl alc|Ethyl alcohol anhydrous|Ethyl alcohol in alcoholic beverages|Ethyl alcohol usp|Ethyl hydrate|Ethyl hydroxide|Fermentation alcohol|Grain alcohol|Hinetoless|Infinity pure|Jaysol|Jaysol S|Lux|Molasses alcohol|Potato alcohol|Punctilious ethyl alcohol|Pyro|Silent spirit|Spirit|Spirits OF wine|Spirt|Synasol|Tecsol|Tecsol C|Thanol|Undenatured ethanol|Alcohol, absolute|Alcohol, ethyl|Alcohol, grain",C2H6O,46.0684,46.041864814,ethanol,ethyl alcohol,64-17-5,CCO,"InChI=1S/C2H6O/c1-2-3/h3H,2H2,1H3",LFQSCWFLJHTTHZ-UHFFFAOYSA-N
HMDB0000115,Glycolic acid,"2-Hydroxyacetic acid|2-Hydroxyethanoic acid|alpha-Hydroxyacetic acid|Glycollic acid|HOCH2COOH|Hydroxyacetic acid|Hydroxyethanoic acid|2-Hydroxyacetate|2-Hydroxyethanoate|a-Hydroxyacetate|a-Hydroxyacetic acid|alpha-Hydroxyacetate|Α-hydroxyacetate|Α-hydroxyacetic acid|Glycollate|Hydroxyacetate|Hydroxyethanoate|Glycolate|Glycocide|GlyPure|GlyPure 70|Sodium glycolate|Glycolic acid, 2-(14)C-labeled|Glycolic acid, 1-(14)C-labeled|Glycolic acid, potassium salt|Glycolic acid, monopotassium salt|Glycolic acid, calcium salt|Glycolic acid, monoammonium salt|Glycolic acid, monolithium salt|Glycolic acid, monosodium salt|Potassium glycolate",C2H4O3,76.0514,76.016043994,2-hydroxyacetic acid,glycolic acid,79-14-1,OCC(O)=O,"InChI=1S/C2H4O3/c3-1-2(4)5/h3H,1H2,(H,4,5)",AEMRFAOFKBGASW-UHFFFAOYSA-N
HMDB0000122,D-Glucose,"Glucose|b-D-Glucose|β-D-glucose|b-D-Glucopyranose|b-Dextrose|b-Glucose|beta-D-Glucopyranose|beta-Dextrose|beta-Glucose|D Glucose|Glucose, (beta-D)-isomer|Dextrose|Glucose, (DL)-isomer|D-Glucose|D-Glucopyranose|D-Glucopyranoside|beta-D-Glucopyranoside|beta-D-Glucose|β-D-Glucopyranose|β-D-Glucopyranoside|β-D-Glucose|β-Dextrose|β-Glucose|D-GLC|D-GLCP|GLC-OH",C6H12O6,180.1559,180.063388116,"(2R,3R,4S,5S,6R)-6-(hydroxymethyl)oxane-2,3,4,5-tetrol",glucoside,492-61-5,OC[C@H]1O[C@@H](O)[C@H](O)[C@@H](O)[C@@H]1O,"InChI=1S/C6H12O6/c7-1-2-3(8)4(9)5(10)6(11)12-2/h2-11H,1H2/t2-,3-,4+,5-,6-/m1/s1",WQZGKKKJIJFFOK-VFUOTHLCSA-N
HMDB0000123,Glycine,"Aminoacetic acid|Aminoessigsaeure|Aminoethanoic acid|G|Gly|Glycin|Glycocoll|Glykokoll|Glyzin|H2N-CH2-COOH|Hgly|Leimzucker|Aminoacetate|Aminoethanoate|2-Aminoacetate|2-Aminoacetic acid|Aciport|Amino-acetate|Amino-acetic acid|Glicoamin|Glycolixir|Glycosthene|Gyn-hydralin|Padil|Glycine carbonate (1:1), monosodium salt|Glycine carbonate (2:1), monopotassium salt|Glycine sulfate (3:1)|Glycine, monoammonium salt|Glycine, monosodium salt|Glycine, sodium hydrogen carbonate|Monoammonium salt glycine|Calcium salt glycine|Glycine hydrochloride (2:1)|Glycine phosphate (1:1)|Glycine, monopotasssium salt|Monopotasssium salt glycine|Monosodium salt glycine|Glycine carbonate (2:1), monolithium salt|Glycine carbonate (2:1), monosodium salt|Glycine hydrochloride|Glycine, copper salt|Hydrochloride, glycine|Salt glycine, monoammonium|Acid, aminoacetic|Cobalt salt glycine|Copper salt glycine|Glycine phosphate|Glycine, calcium salt|Glycine, calcium salt (2:1)|Glycine, cobalt salt|Phosphate, glycine|Salt glycine, monosodium",C2H5NO2,75.0666,75.032028409,2-aminoacetic acid,glycine,56-40-6,NCC(O)=O,"InChI=1S/C2H5NO2/c3-1-2(4)5/h1,3H2,(H,4,5)",DHMQDGOQFOQNFH-UHFFFAOYSA-N
HMDB0000131,Glycerol,"1,2,3-Propanetriol|1,2,3-Trihydroxypropane|Glycerin|Glycerine|Glyceritol|Glycerolum|Glycyl alcohol|Glyzerin|Gro|Oelsuess|Propanetriol|Trihydroxypropane|Concentrated glycerin|Glycerin, concentrated|Bulbold|Cristal|e 422|Emery 916|Glyceol opthalgan|Glyrol|Glysanin|IFP|Incorporation factor|Mackstat H 66|Osmoglyn|Pricerine 9091|RG-S|Tryhydroxypropane|2,5-Dihydroxyphenylacetic acid|2-(3,6-DIHYDROXYPHENYL)acetIC ACID|2,5-Dihydroxyphenylacetate|2-(3,6-DIHYDROXYPHENYL)acetate|Homogentisate|(2,5-Dihydroxyphenyl)-acetate|(2,5-Dihydroxyphenyl)-acetic acid|2,5-Dihydroxy-a-toluate|2,5-Dihydroxy-a-toluic acid|2,5-Dihydroxy-alpha-toluate|2,5-Dihydroxy-alpha-toluic acid|2,5-Dihydroxy-benzeneacetate|2,5-Dihydroxy-benzeneacetic acid|Alcapton|Homogentisate acid|Homogentisinate|Homogentisinic acid|Melanic acid|Acid, homogentisic|GlcAa|GlcAalpha|D-Glucuronate|alpha-D-Glucopyranuronic acid|alpha-D-Glucuronic acid|alpha-delta-Glucopyranuronic acid|alpha-delta-Glucuronic acid|D-(+)-Glucuronate|D-(+)-Glucuronic acid|delta-(+)-Glucuronate|delta-(+)-Glucuronic acid|delta-Glucuronate|GCU|Glucosiduronate|Glucosiduronic acid|Glucuronate|Glucuronic acid|(2E)-2-Butenedioic acid|(e)-2-Butenedioic acid|e297|Fumarsaeure|trans-1,2-Ethylenedicarboxylic acid|trans-But-2-enedioic acid|trans-Butenedioic acid|(2E)-2-Butenedioate|(e)-2-Butenedioate|trans-1,2-Ethylenedicarboxylate|trans-But-2-enedioate|trans-Butenedioate|Fumarate|(2E)-But-2-enedioate|(2E)-But-2-enedioic acid|2-(e)-Butenedioate|2-(e)-Butenedioic acid|Allomaleate|Allomaleic acid|Boletate|Boletic acid|FC 33|Lichenate|Lichenic acid|Sodium fumarate|trans-2-Butenedioate|trans-2-Butenedioic acid|Furamag|Ammonium fumarate|Magnesium fumarate|Mafusol",C3H8O3,92.0938,92.047344122,"propane-1,2,3-triol",glycerol,56-81-5,OCC(O)CO,"InChI=1S/C3H8O3/c4-1-3(6)2-5/h3-6H,1-2H2",PEDCQBHIVMGVHV-UHFFFAOYSA-N
HMDB0000134,Fumaric acid,"(2E)-2-Butenedioic acid|(e)-2-Butenedioic acid|e297|Fumarsaeure|trans-1,2-Ethylenedicarboxylic acid|trans-But-2-enedioic acid|trans-Butenedioic acid|(2E)-2-Butenedioate|(e)-2-Butenedioate|trans-1,2-Ethylenedicarboxylate|trans-But-2-enedioate|trans-Butenedioate|Fumarate|(2E)-But-2-enedioate|(2E)-But-2-enedioic acid|2-(e)-Butenedioate|2-(e)-Butenedioic acid|Allomaleate|Allomaleic acid|Boletate|Boletic acid|FC 33|Lichenate|Lichenic acid|trans-2-Butenedioate|trans-2-Butenedioic acid|Furamag|Mafusol|Fumaric acid",C4H4O4,116.0722,116.010958616,(2E)-but-2-enedioic acid,fumaric acid,110-17-8,OC(=O)\C=C\C(O)=O,"InChI=1S/C4H4O4/c5-3(6)1-2-4(7)8/h1-2H,(H,5,6)(H,7,8)/b2-1+",VZCYOOQTPOCHFL-OWOJBTEDSA-N
HMDB0000139,Glyceric acid,"alpha,beta-Hydroxypropionic acid|D-GroA|R-Glyceric acid|Glycerate|(R)-Glycerate|a,b-Hydroxypropionate|a,b-Hydroxypropionic acid|alpha,beta-Hydroxypropionate|R-Glycerate|(R)-Glyceric acid|D-Glycerate|D-Glyceric acid|(2R)-2,3-Dihydroxypropanoic acid|(R)-2,3-Dihydroxypropanoic acid|D-2,3-Dihydroxypropanoic acid",C3H6O4,106.0773,106.02660868,"(2R)-2,3-dihydroxypropanoic acid",glycerate,473-81-4,OC[C@@H](O)C(O)=O,"InChI=1S/C3H6O4/c4-1-2(5)3(6)7/h2,4-5H,1H2,(H,6,7)/t2-/m1/s1",RBNPOMFGQQGHHO-UWTATZPHSA-N
HMDB0000142,Formic acid,"Acide formique|Ameisensaeure|Aminic acid|Bilorin|Formylic acid|H-COOH|HCO2H|HCOOH|Hydrogen carboxylic acid|Methanoic acid|Methoic acid|Aminate|Formylate|Hydrogen carboxylate|Methanoate|Methoate|Formate|Add-F|Ameisensaure|Collo-bueglatt|Collo-didax|Formira|Formisoton|Methanoic acid monomer|Myrmicyl|Sodium formate|Sybest|Wonderbond hardener m 600l|Calcium formate|Cobalt(II) formate dihydrate|Formic acid, aluminum salt|Formic acid, copper salt|Formic acid, cromium (+3) salt|Lithium formate|Ammonium formate|Formic acid, ammonium (4:1) salt|Formic acid, ammonium salt|Formic acid, calcium salt|Formic acid, copper (+2) salt|Formic acid, lead (+2) salt|Formic acid, lead salt|Formic acid, nickel salt|Formic acid, potassium salt|Formic acid, strontium salt|Mafusol|Ammonium tetraformate|Formic acid, 14C-labeled|Formic acid, cobalt (+2) salt|Formic acid, copper, ammonium salt|Formic acid, sodium salt|Formic acid, sodium salt, 14C-labeled|Formic acid, ammonium (2:1) salt|Formic acid, cadmium salt|Formic acid, cesium salt|Formic acid, copper, nickel salt|Formic acid, cromium (+3), sodium (4:1:1) salt|Formic acid, lithium salt|Formic acid, magnesium salt|Formic acid, nickel (+2) salt|Formic acid, rubidium salt|Formic acid, sodium salt, 13C-labeled|Formic acid, thallium (+1) salt|Formic acid, zinc salt|Nickel formate dihydrate|Aluminum formate|Potassium formate|Strontium formate|Lead formate|Nickel formate|Chromic formate|Cobaltous formate|Cupric formate|Magnesium formate|Zinc formate",CH2O2,46.0254,46.005479308,formic acid,formic acid,64-18-6,OC=O,"InChI=1S/CH2O2/c2-1-3/h1H,(H,2,3)",BDAGIHXWWSANSR-UHFFFAOYSA-N
HMDB0000148,L-Glutamic acid,"(S)-2-Aminopentanedioic acid|(S)-Glutamic acid|Acide glutamique|Acido glutamico|Acidum glutamicum|E|Glu|Glutamate|GLUTAMIC ACID|L-Glu|L-Glutaminic acid|L-Glutaminsaeure|(S)-2-Aminopentanedioate|(S)-Glutamate|L-Glutaminate|L-Glutamate|(2S)-2-Aminopentanedioate|(2S)-2-Aminopentanedioic acid|(S)-(+)-Glutamate|(S)-(+)-Glutamic acid|1-Amino-propane-1,3-dicarboxylate|1-Amino-propane-1,3-dicarboxylic acid|1-Aminopropane-1,3-dicarboxylate|1-Aminopropane-1,3-dicarboxylic acid|2-Aminoglutarate|2-Aminoglutaric acid|2-Aminopentanedioate|2-Aminopentanedioic acid|a-Aminoglutarate|a-Aminoglutaric acid|a-Glutamate|a-Glutamic acid|Aciglut|alpha-Aminoglutarate|alpha-Aminoglutaric acid|alpha-Glutamate|alpha-Glutamic acid|Aminoglutarate|Aminoglutaric acid|Glt|Glusate|Glut|Glutacid|Glutamicol|Glutamidex|Glutaminate|Glutaminic acid|Glutaminol|Glutaton|L-(+)-Glutamate|L-(+)-Glutamic acid|L-a-Aminoglutarate|L-a-Aminoglutaric acid|L-alpha-Aminoglutarate|L-alpha-Aminoglutaric acid|D Glutamate|Glutamate, potassium|Glutamic acid, (D)-isomer|L Glutamic acid|D-Glutamate|L Glutamate|Aluminum L glutamate|Aluminum L-glutamate|L-Glutamate, aluminum|Potassium glutamate|2-Acetamido-2-deoxy-D-glucose|D-GlcNAc|N-Acetyl-D-glucosamine|N-Acetylchitosamine|N Acetyl D glucosamine|2 Acetamido 2 deoxy D glucose|2 Acetamido 2 deoxyglucose|2-Acetamido-2-deoxyglucose|Acetylglucosamine|3alpha,7alpha,12alpha-Trihydroxy-5beta-cholan-24-oylglycine|N-[(3alpha,5beta,7alpha,12alpha)-3,7,12-Trihydroxy-24-oxocholan-24-yl]glycine|N-Choloylglycine|3a,7a,12a-Trihydroxy-5b-cholan-24-oylglycine|3Α,7α,12α-trihydroxy-5β-cholan-24-oylglycine|N-[(3a,5b,7a,12a)-3,7,12-Trihydroxy-24-oxocholan-24-yl]glycine|N-[(3Α,5β,7α,12α)-3,7,12-trihydroxy-24-oxocholan-24-yl]glycine|Glycocholate|Glycine cholate|Glycocholic acid, sodium salt|Cholylglycine|Glycocholate sodium|3alpha,7alpha,12alpha-Trihydroxy-5beta-cholanic acid-24-glycine|3alpha,7alpha,12alpha-Trihydroxy-N-(carboxymethyl)-5beta-cholan-24-amide|3Α,7α,12α-trihydroxy-5β-cholanic acid-24-glycine|3Α,7α,12α-trihydroxy-N-(carboxymethyl)-5β-cholan-24-amide|Glycoreductodehydrocholic acid|Glycylcholate|Glycylcholic acid|N-(Carboxymethyl)-3alpha,7alpha,12alpha-trihydroxy-5beta-cholan-24-amide|N-(Carboxymethyl)-3α,7α,12α-trihydroxy-5β-cholan-24-amide|N-Choloyl-glycine|3-Hydroxy-1,3,5(10)-estratrien-17-one|Follicular hormone|Folliculin|Oestrone|(+)-Estrone|1,3,5(10)-Estratrien-3-ol-17-one|3-Hydroxy-17-keto-estra-1,3,5-triene|3-Hydroxyestra-1,3,5(10)-trien-17-one|3-Hydroxyestra-1,3,5(10)-triene-17-one|3-Hydroxyoestra-1,3,5(10)-trien-17-one|D1,3,5(10)-Estratrien-3-ol-17-one|Estrone, (+-)-isomer|Hyrex brand OF estrone|Estrone, (9 beta)-isomer|Estrovarin|Kestrone|Wehgen|Estrone, (8 alpha)-isomer|Hauck brand OF estrone|Unigen|Vortech brand OF estrone|alpha,beta-Hydroxypropionic acid|D-GroA|R-Glyceric acid|Glycerate|(R)-Glycerate|a,b-Hydroxypropionate|a,b-Hydroxypropionic acid|alpha,beta-Hydroxypropionate|Α,β-hydroxypropionate|Α,β-hydroxypropionic acid|R-Glycerate|(R)-Glyceric acid|D-Glycerate|D-Glyceric acid|(2R)-2,3-Dihydroxypropanoic acid|(R)-2,3-Dihydroxypropanoic acid|D-2,3-Dihydroxypropanoic acid|1-Amino-2-hydroxyethane|2-Amino-1-ethanol|2-Amino-ethanol|2-Aminoethan-1-ol|2-Aminoethyl alcohol|2-Hydroxyethylamine|Aethanolamin|Aminoethanol|beta-Aminoethanol|beta-Aminoethyl alcohol|beta-Ethanolamine|beta-Hydroxyethylamine|Colamine|ETA|Glycinol|Hea|MEA|MONOETHANOLAMINE|b-Aminoethanol|Β-aminoethanol|b-Aminoethyl alcohol|Β-aminoethyl alcohol|b-Ethanolamine|Β-ethanolamine|b-Hydroxyethylamine|Β-hydroxyethylamine|2-Aminoethanol|2-Ethanolamine|2-Hydroxyethanamine|Envision conditioner PDD 9020|Ethylolamine|H-Glycinol|Monoaethanolamin|Olamine|2 Aminoethanol|(3R,4S,5R)-5-[(1R)-1-Carboxy-2,2-difluoro-1-(phosphonooxy)ethoxy]-4-hydroxy-3-(phosphonooxy)cyclohex-1-ene-1-carboxylate|(1S)-2-[(3-O-b-D-Glucopyranosyl-b-D-galactopyranosyl)oxy]-1-{[(9E)-octadec-9-enoyloxy]methyl}ethyl (10E)-nonadec-10-enoate|(1S)-2-[(3-O-b-D-Glucopyranosyl-b-D-galactopyranosyl)oxy]-1-{[(9E)-octadec-9-enoyloxy]methyl}ethyl (10E)-nonadec-10-enoic acid|(1S)-2-[(3-O-beta-D-Glucopyranosyl-beta-D-galactopyranosyl)oxy]-1-{[(9E)-octadec-9-enoyloxy]methyl}ethyl (10E)-nonadec-10-enoic acid|(1S)-2-[(3-O-Β-D-glucopyranosyl-β-D-galactopyranosyl)oxy]-1-{[(9E)-octadec-9-enoyloxy]methyl}ethyl (10E)-nonadec-10-enoate|(1S)-2-[(3-O-Β-D-glucopyranosyl-β-D-galactopyranosyl)oxy]-1-{[(9E)-octadec-9-enoyloxy]methyl}ethyl (10E)-nonadec-10-enoic acid",C5H9NO4,147.1293,147.053157781,(2S)-2-aminopentanedioic acid,L-glutamic acid,56-86-0,N[C@@H](CCC(O)=O)C(O)=O,"InChI=1S/C5H9NO4/c6-3(5(9)10)1-2-4(7)8/h3H,1-2,6H2,(H,7,8)(H,9,10)/t3-/m0/s1",WHUUTDBJXJRKMK-VKHMYHEASA-N
HMDB0000156,Malic acid,"(-)-L-Malic acid|(S)-(-)-Hydroxysuccinic acid|L-2-Hydroxybutanedioic acid|L-Apple acid|Malate|Malic acid|S-2-Hydroxybutanedioic acid|L-Malate|(-)-L-Malate|(S)-(-)-Hydroxysuccinate|L-2-Hydroxybutanedioate|S-2-Hydroxybutanedioate|(-)-(S)-Malate|(-)-(S)-Malic acid|(-)-Hydroxysuccinate|(-)-Hydroxysuccinic acid|(-)-Malic acid|(2S)-2-Hydroxybutanedioate|(2S)-2-Hydroxybutanedioic acid|(S)-Hydroxy-butanedioate|(S)-Hydroxy-butanedioic acid|(S)-Hydroxybutanedioate|(S)-Hydroxybutanedioic acid|(S)-Malic acid|Apple acid|L-(-)-Malic acid|L-Hydroxybutanedioate|L-Hydroxybutanedioic acid|L-Hydroxysuccinate|L-Hydroxysuccinic acid|S-(-)-Malate|S-(-)-Malic acid|(S)-Malate|L-Malic acid|(2S)-2-Hydroxysuccinic acid|(2S)-Malic acid|(S)-2-Hydroxysuccinic acid|2-Hydroxybutanedioic acid|2-Hydroxyethane-1,2-dicarboxylic acid|2-Hydroxysuccinic acid|Deoxytetraric acid|Hydroxybutanedioic acid|Hydroxysuccinic acid|Monohydroxybutanedioic acid|alpha-Hydroxysuccinic acid|α-Hydroxysuccinic acid",C4H6O5,134.0874,134.021523302,(2S)-2-hydroxybutanedioic acid,(-)-malic acid,97-67-6,O[C@@H](CC(O)=O)C(O)=O,"InChI=1S/C4H6O5/c5-2(4(8)9)1-3(6)7/h2,5H,1H2,(H,6,7)(H,8,9)/t2-/m0/s1",BJEPYKJPYRNKOW-REOHCLBHSA-N
HMDB0000158,L-Tyrosine,"(-)-alpha-Amino-p-hydroxyhydrocinnamic acid|(2S)-2-Amino-3-(4-hydroxyphenyl)propanoic acid|(S)-(-)-Tyrosine|(S)-2-Amino-3-(p-hydroxyphenyl)propionic acid|(S)-3-(p-Hydroxyphenyl)alanine|(S)-alpha-Amino-4-hydroxybenzenepropanoic acid|(S)-Tyrosine|4-Hydroxy-L-phenylalanine|L-Tyrosin|Tyr|TYROSINE|Y|(-)-a-Amino-p-hydroxyhydrocinnamate|(-)-a-Amino-p-hydroxyhydrocinnamic acid|(-)-alpha-Amino-p-hydroxyhydrocinnamate|(-)-Α-amino-p-hydroxyhydrocinnamate|(-)-Α-amino-p-hydroxyhydrocinnamic acid|(2S)-2-Amino-3-(4-hydroxyphenyl)propanoate|(S)-2-Amino-3-(p-hydroxyphenyl)propionate|(S)-a-Amino-4-hydroxybenzenepropanoate|(S)-a-Amino-4-hydroxybenzenepropanoic acid|(S)-alpha-Amino-4-hydroxybenzenepropanoate|(S)-Α-amino-4-hydroxybenzenepropanoate|(S)-Α-amino-4-hydroxybenzenepropanoic acid|(S)-a-Amino-4-hydroxy-benzenepropanoate|(S)-a-Amino-4-hydroxy-benzenepropanoic acid|(S)-alpha-Amino-4-hydroxy-benzenepropanoate|(S)-alpha-Amino-4-hydroxy-benzenepropanoic acid|2-Amino-3-(4-hydroxyphen yl)-2-amino-3-(4-hydroxyphenyl)-propanoate|2-Amino-3-(4-hydroxyphen yl)-2-amino-3-(4-hydroxyphenyl)-propanoic acid|3-(4-Hydroxyphenyl)-L-alanine|Benzenepropanoate|Benzenepropanoic acid|L-p-Tyrosine|p-Tyrosine|L Tyrosine|Tyrosine, L-isomer|Tyrosine, L isomer|Para tyrosine|Para-tyrosine",C9H11NO3,181.1885,181.073893223,(2S)-2-amino-3-(4-hydroxyphenyl)propanoic acid,L-tyrosine,60-18-4,N[C@@H](CC1=CC=C(O)C=C1)C(O)=O,"InChI=1S/C9H11NO3/c10-8(9(12)13)5-6-1-3-7(11)4-2-6/h1-4,8,11H,5,10H2,(H,12,13)/t8-/m0/s1",OUYCCCASQSFEME-QMMMGPOBSA-N
HMDB0000159,L-Phenylalanine,"(S)-2-Amino-3-phenylpropionic acid|(S)-alpha-Amino-beta-phenylpropionic acid|3-Phenyl-L-alanine|beta-Phenyl-L-alanine|F|Phe|PHENYLALANINE|(S)-2-Amino-3-phenylpropionate|(S)-a-Amino-b-phenylpropionate|(S)-a-Amino-b-phenylpropionic acid|(S)-alpha-Amino-beta-phenylpropionate|(S)-Α-amino-β-phenylpropionate|(S)-Α-amino-β-phenylpropionic acid|b-Phenyl-L-alanine|Β-phenyl-L-alanine|(-)-beta-Phenylalanine|(L)-Phenylalanine|(S)-(-)-Phenylalanine|(S)-2-Amino-3-phenylpropanoate|(S)-2-Amino-3-phenylpropanoic acid|(S)-alpha-Amino-benzenepropanoate|(S)-alpha-Amino-benzenepropanoic acid|(S)-alpha-Aminobenzenepropanoate|(S)-alpha-Aminobenzenepropanoic acid|(S)-alpha-Aminohydrocinnamate|(S)-alpha-Aminohydrocinnamic acid|(S)-Phenylalanine|alpha-Aminohydrocinnamate|alpha-Aminohydrocinnamic acid|beta-Phenyl-alpha-alanine|beta-Phenylalanine|L-2-Amino-3-phenylpropionate|L-2-Amino-3-phenylpropionic acid|Phenyl-alanine|Phenylalamine|L-Isomer phenylalanine|Phenylalanine, L isomer|Phenylalanine, L-isomer|Endorphenyl|(6S)-Tetrahydrofolate|(6S)-Tetrahydrofolic acid|(6S)-THFA|5,6,7,8-Tetrahydrofolate|Tetrahydrofolate|THF|5,6,7,8-Tetrahydrofolic acid",C9H11NO2,165.1891,165.078978601,(2S)-2-amino-3-phenylpropanoic acid,L-phenylalanine,63-91-2,N[C@@H](CC1=CC=CC=C1)C(O)=O,"InChI=1S/C9H11NO2/c10-8(9(11)12)6-7-4-2-1-3-5-7/h1-5,8H,6,10H2,(H,11,12)/t8-/m0/s1",COLNVLDHVKWLRT-QMMMGPOBSA-N
HMDB0000161,L-Alanine,"(2S)-2-Aminopropanoic acid|(S)-2-Aminopropanoic acid|(S)-Alanine|A|Ala|ALANINE|L-2-Aminopropionic acid|L-Alanin|L-alpha-Alanine|(2S)-2-Aminopropanoate|(S)-2-Aminopropanoate|L-2-Aminopropionate|L-a-Alanine|L-Α-alanine|(S)-(+)-Alanine|(S)-2-Amino-propanoate|(S)-2-Amino-propanoic acid|2-Aminopropanoate|2-Aminopropanoic acid|2-Aminopropionate|2-Aminopropionic acid|2-Ammoniopropanoate|2-Ammoniopropanoic acid|a-Alanine|a-Aminopropionate|a-Aminopropionic acid|alpha-Alanine|alpha-Aminopropanoate|alpha-Aminopropanoic acid|alpha-Aminopropionate|alpha-Aminopropionic acid|L-(+)-Alanine|L-2-Aminopropanoate|L-2-Aminopropanoic acid|L-a-Aminopropionate|L-a-Aminopropionic acid|L-alpha-Aminopropionate|L-alpha-Aminopropionic acid|Abufène|Alanine doms-adrian brand|Alanine, L-isomer|Doms-adrian brand OF alanine|Doms adrian brand OF alanine|L-Isomer alanine|Alanine, L isomer|L Alanine",C3H7NO2,89.0932,89.047678473,(2S)-2-aminopropanoic acid,L-alanine,56-41-7,C[C@H](N)C(O)=O,"InChI=1S/C3H7NO2/c1-2(4)3(5)6/h2H,4H2,1H3,(H,5,6)/t2-/m0/s1",QNAYBMKLOCPYGJ-REOHCLBHSA-N
HMDB0000162,L-Proline,(-)-(S)-Proline|(-)-2-Pyrrolidinecarboxylic acid|(-)-Proline|(2S)-Pyrrolidine-2-carboxylic acid|(S)-2-Carboxypyrrolidine|(S)-2-Pyrrolidinecarboxylic acid|(S)-Pyrrolidine-2-carboxylic acid|2-Pyrrolidinecarboxylic acid|L-(-)-Proline|L-alpha-Pyrrolidinecarboxylic acid|L-Prolin|L-Pyrrolidine-2-carboxylic acid|P|Prolina|PROLINE|Prolinum|(-)-2-Pyrrolidinecarboxylate|(2S)-Pyrrolidine-2-carboxylate|(S)-2-Pyrrolidinecarboxylate|(S)-Pyrrolidine-2-carboxylate|2-Pyrrolidinecarboxylate|L-a-Pyrrolidinecarboxylate|L-a-Pyrrolidinecarboxylic acid|L-alpha-Pyrrolidinecarboxylate|L-Α-pyrrolidinecarboxylate|L-Α-pyrrolidinecarboxylic acid|L-Pyrrolidine-2-carboxylate|(S)-(-)-Proline|(S)-(-)-Pyrrolidine-2-carboxylate|(S)-(-)-Pyrrolidine-2-carboxylic acid|(S)-2-Pyrralidinecarboxylate|(S)-2-Pyrralidinecarboxylic acid|(S)-Proline|L Proline,C5H9NO2,115.1305,115.063328537,(2S)-pyrrolidine-2-carboxylic acid,L-proline,147-85-3,OC(=O)[C@@H]1CCCN1,"InChI=1S/C5H9NO2/c7-5(8)4-2-1-3-6-4/h4,6H,1-3H2,(H,7,8)/t4-/m0/s1",ONIBWKKTOPOVIA-BYPYZUCNSA-N
HMDB0000163,D-Maltose,4-O-alpha-D-Glucopyranosyl-alpha-D-mannopyranose|4-O-a-D-Glucopyranosyl-a-D-mannopyranose|4-O-Α-D-glucopyranosyl-α-D-mannopyranose|1-alpha-D-Glucopyranosyl-4-alpha-D-glucopyranose|1-alpha-delta-Glucopyranosyl-4-alpha-delta-glucopyranose|4-(alpha-D-Glucopyranosido)-alpha-glucopyranose|4-(alpha-D-Glucosido)-D-glucose|4-(alpha-delta-Glucopyranosido)-alpha-glucopyranose|4-(alpha-delta-Glucosido)-delta-glucose|4-O-a-D-Glucopyranosyl-D-glucose|4-O-alpha-D-Glucopyranosyl-D-glucopyranose|4-O-alpha-D-Glucopyranosyl-D-glucose|4-O-alpha-delta-Glucopyranosyl-delta-glucopyranose|4-O-alpha-delta-Glucopyranosyl-delta-glucose|Advantose 100|alpha-D-GLCP-(1->4)-D-GLCP|alpha-D-Glucopyranosyl-(1->4)-D-glucopyranose|alpha-D-Glucopyranosyl-(1->4)-D-glucose|alpha-delta-GLCP-(1->4)-delta-GLCP|alpha-delta-Glucopyranosyl-(1->4)-delta-glucopyranose|alpha-delta-Glucopyranosyl-(1->4)-delta-glucose|alpha-Malt sugar|Cextromaltose|D-(+)-Maltose|delta-(+)-Maltose|delta-Maltose|Finetose|Finetose F|Madoros|Malt sugar|Maltobiose|Maltodiose|Maltos|Maltose|Maltose HH|Maltose HHH|Maltose solution|Malzzucker|Martos-10|Sunmalt|Sunmalt S,C12H22O11,342.2965,342.116211546,"(2R,3S,4S,5R,6R)-2-(hydroxymethyl)-6-{[(2R,3S,4R,5S,6S)-4,5,6-trihydroxy-2-(hydroxymethyl)oxan-3-yl]oxy}oxane-3,4,5-triol","(2R,3S,4S,5R,6R)-2-(hydroxymethyl)-6-{[(2R,3S,4R,5S,6S)-4,5,6-trihydroxy-2-(hydroxymethyl)oxan-3-yl]oxy}oxane-3,4,5-triol",69-79-4,OC[C@H]1O[C@H](O[C@H]2[C@H](O)[C@H](O)[C@@H](O)O[C@@H]2CO)[C@H](O)[C@@H](O)[C@@H]1O,"InChI=1S/C12H22O11/c13-1-3-5(15)6(16)9(19)12(22-3)23-10-4(2-14)21-11(20)8(18)7(10)17/h3-20H,1-2H2/t3-,4-,5-,6+,7-,8+,9-,10-,11+,12-/m1/s1",GUBGYTABKSRVRQ-DKBJLJRDSA-N
HMDB0000164,Methylamine,"Aminomethane|CH3-NH2|MeNH2|Methanamine|MMA|Monomethylamine|Anhydrous methylamine|Carbinamine|Imizin|Mercurialin|Methyl group|Methyl OF gamma-N-methylasparagine|Methylamine anhydrous|Methylamine aqueous solution|Methylamine solution|Methylamine solutions|Methylaminen|Metilamine|Metyloamina|N-Methylamine|NMA|NME|Methylamine ion (1-)|Methylamine nitrate|Methylamine perchlorate|Methylamine sulfate (1:1)|Methylamine sulfate (2:1)|Methylamine, 13C-labeled|Methylamine, 14C-labeled|Methylamine, 15N-labeled|Methylamine hydrobromide|Methylamine hydrochloride, 14C-labeled|Methylamine, cesium salt|Methylamine, monopotassium salt|Methylammonium|Methylammonium ion|Methylamine hydroiodide|Methylamine, monosodium salt|Methylamine bisulfite|Methylamine hydride|Methylamine hydrochloride|Methylamine hydrofluoride|Methylamine hydrogen cyanide|Monomethylammonium ion",CH5N,31.0571,31.042199165,methanamine,methylamine,74-89-5,CN,"InChI=1S/CH5N/c1-2/h2H2,1H3",BAVYZALUXZFZLV-UHFFFAOYSA-N
HMDB0000167,L-Threonine,"(2S)-Threonine|(2S,3R)-(-)-Threonine|(2S,3R)-2-Amino-3-hydroxybutanoic acid|2-Amino-3-hydroxybutyric acid|L-(-)-Threonine|L-2-Amino-3-hydroxybutyric acid|L-alpha-Amino-beta-hydroxybutyric acid|L-Threonin|T|Thr|THREONINE|(2S,3R)-2-Amino-3-hydroxybutanoate|2-Amino-3-hydroxybutyrate|L-2-Amino-3-hydroxybutyrate|L-a-Amino-b-hydroxybutyrate|L-a-Amino-b-hydroxybutyric acid|L-alpha-Amino-beta-hydroxybutyrate|L-Α-amino-β-hydroxybutyrate|L-Α-amino-β-hydroxybutyric acid|(2S,3R)-2-Amino-3-hydroxybutyrate|(2S,3R)-2-Amino-3-hydroxybutyric acid|(R-(R*,s*))-2-amino-3-hydroxybutanoate|(R-(R*,s*))-2-amino-3-hydroxybutanoic acid|(S)-Threonine|2-Amino-3-hydroxybutanoate|2-Amino-3-hydroxybutanoic acid|Threonin|[R-(R*,s*)]-2-amino-3-hydroxy-butanoate|[R-(R*,s*)]-2-amino-3-hydroxy-butanoic acid|[R-(R*,s*)]-2-amino-3-hydroxybutanoate|[R-(R*,s*)]-2-amino-3-hydroxybutanoic acid|L Threonine",C4H9NO3,119.1192,119.058243159,"(2S,3R)-2-amino-3-hydroxybutanoic acid",L-threonine,72-19-5,C[C@@H](O)[C@H](N)C(O)=O,"InChI=1S/C4H9NO3/c1-2(6)3(5)4(7)8/h2-3,6H,5H2,1H3,(H,7,8)/t2-,3+/m1/s1",AYFVYJQAPQTCCC-GBXIJSLDSA-N
HMDB0000168,L-Asparagine,"(2S)-2,4-Diamino-4-oxobutanoic acid|(2S)-2-Amino-3-carbamoylpropanoic acid|(S)-2-Amino-3-carbamoylpropanoic acid|(S)-Asparagine|2-Aminosuccinamic acid|alpha-Aminosuccinamic acid|Asn|ASPARAGINE|Aspartamic acid|L-2-Aminosuccinamic acid|L-Asparagin|L-Aspartic acid beta-amide|N|(2S)-2,4-Diamino-4-oxobutanoate|(2S)-2-Amino-3-carbamoylpropanoate|(S)-2-Amino-3-carbamoylpropanoate|2-Aminosuccinamate|a-Aminosuccinamate|a-Aminosuccinamic acid|alpha-Aminosuccinamate|Α-aminosuccinamate|Α-aminosuccinamic acid|Aspartamate|L-2-Aminosuccinamate|L-Aspartate b-amide|L-Aspartate beta-amide|L-Aspartate β-amide|L-Aspartic acid b-amide|L-Aspartic acid β-amide|(-)-Asparagine|(S)-2,4-Diamino-4-oxobutanoate|(S)-2,4-Diamino-4-oxobutanoic acid|Agedoite|alpha Amminosuccinamate|alpha Amminosuccinamic acid|Altheine|Asparagine acid|Asparamide|Aspartic acid amide|Aspartic acid b-amide|Aspartic acid beta amide|b2,4-(S)-Diamino-4-oxo-utanoate|b2,4-(S)-Diamino-4-oxo-utanoic acid|Crystal VI|L-2,4-Diamino-4-oxobutanoate|L-2,4-Diamino-4-oxobutanoic acid|L-Aspartamine|L-b-Asparagine|L-beta-Asparagine",C4H8N2O3,132.1179,132.053492132,(2S)-2-amino-3-carbamoylpropanoic acid,L-asparagine,70-47-3,N[C@@H](CC(N)=O)C(O)=O,"InChI=1S/C4H8N2O3/c5-2(4(8)9)1-3(6)7/h2H,1,5H2,(H2,6,7)(H,8,9)/t2-/m0/s1",DCXYFEDJOCDNAF-REOHCLBHSA-N
HMDB0000172,L-Isoleucine,"(2S,3S)-2-Amino-3-methylpentanoic acid|2-Amino-3-methylvaleric acid|alpha-Amino-beta-methylvaleric acid|I|Ile|ISOLEUCINE|(2S,3S)-2-Amino-3-methylpentanoate|2-Amino-3-methylvalerate|a-Amino-b-methylvalerate|a-Amino-b-methylvaleric acid|alpha-Amino-beta-methylvalerate|Α-amino-β-methylvalerate|Α-amino-β-methylvaleric acid|(2S,3S)-2-Amino-3-methyl-pentanoate|(2S,3S)-2-Amino-3-methyl-pentanoic acid|(2S,3S)-a-Amino-b-methyl-N-valerate|(2S,3S)-a-Amino-b-methyl-N-valeric acid|(2S,3S)-a-Amino-b-methylvalerate|(2S,3S)-a-Amino-b-methylvaleric acid|(2S,3S)-Alph-amino-beta-methylvalerate|(2S,3S)-Alph-amino-beta-methylvaleric acid|(2S,3S)-alpha-Amino-beta-merthyl-N-valerate|(2S,3S)-alpha-Amino-beta-merthyl-N-valeric acid|(2S,3S)-alpha-Amino-beta-merthylvalerate|(2S,3S)-alpha-Amino-beta-merthylvaleric acid|(2S,3S)-alpha-Amino-beta-methyl-N-valerate|(2S,3S)-alpha-Amino-beta-methyl-N-valeric acid|(2S,3S)-alpha-Amino-beta-methylvalerate|(2S,3S)-alpha-Amino-beta-methylvaleric acid|(S)-Isoleucine|(S,S)-Isoleucine|2-Amino-3-methylpentanoate|2-Amino-3-methylpentanoic acid|2S,3S-Isoleucine|Erythro-L-isoleucine|Iso-leucine|L-(+)-Isoleucine|L-Ile|[S-(R*,r*)]-2-amino-3-methylpentanoate|[S-(R*,r*)]-2-amino-3-methylpentanoic acid|Isoleucine, L-isomer|Alloisoleucine|Isoleucine, L isomer|L-Isomer isoleucine|2S-Amino-3S-methylpentanoate|L-Isoleucine",C6H13NO2,131.1729,131.094628665,"(2S,3S)-2-amino-3-methylpentanoic acid",L-isoleucine,73-32-5,CC[C@H](C)[C@H](N)C(O)=O,"InChI=1S/C6H13NO2/c1-3-4(2)5(7)6(8)9/h4-5H,3,7H2,1-2H3,(H,8,9)/t4-,5-/m0/s1",AGPKZVBTJJNPAG-WHFBIAKZSA-N
HMDB0000177,L-Histidine,"(S)-4-(2-Amino-2-carboxyethyl)imidazole|(S)-alpha-Amino-1H-imidazole-4-propanoic acid|(S)-alpha-Amino-1H-imidazole-4-propionic acid|H|His|HISTIDINE|L-(-)-Histidine|L-Histidin|(S)-a-Amino-1H-imidazole-4-propanoate|(S)-a-Amino-1H-imidazole-4-propanoic acid|(S)-alpha-Amino-1H-imidazole-4-propanoate|(S)-Α-amino-1H-imidazole-4-propanoate|(S)-Α-amino-1H-imidazole-4-propanoic acid|(S)-a-Amino-1H-imidazole-4-propionate|(S)-a-Amino-1H-imidazole-4-propionic acid|(S)-alpha-Amino-1H-imidazole-4-propionate|(S)-Α-amino-1H-imidazole-4-propionate|(S)-Α-amino-1H-imidazole-4-propionic acid|(S)-1H-Imidazole-4-alanine|(S)-2-Amino-3-(4-imidazolyl)propionsaeure|(S)-Histidine|(S)1H-Imidazole-4-alanine|3-(1H-Imidazol-4-yl)-L-alanine|Amino-1H-imidazole-4-propanoate|Amino-1H-imidazole-4-propanoic acid|Amino-4-imidazoleproprionate|Amino-4-imidazoleproprionic acid|Glyoxaline-5-alanine|Histidine, L isomer|Histidine, L-isomer|L-Isomer histidine|L-Histidine",C6H9N3O2,155.1546,155.069476547,(2S)-2-amino-3-(1H-imidazol-5-yl)propanoic acid,L-histidine,71-00-1,N[C@@H](CC1=CN=CN1)C(O)=O,"InChI=1S/C6H9N3O2/c7-5(6(10)11)1-4-2-8-3-9-4/h2-3,5H,1,7H2,(H,8,9)(H,10,11)/t5-/m0/s1",HNDVDQJCIGZPNO-YFKPBYRVSA-N
HMDB0000182,L-Lysine,"(S)-2,6-Diaminohexanoic acid|(S)-alpha,epsilon-Diaminocaproic acid|(S)-Lysine|6-Ammonio-L-norleucine|K|L-2,6-Diaminocaproic acid|L-Lysin|Lys|Lysina|Lysine|Lysine acid|Lysinum|2,6-Diaminohexanoic acid|(S)-2,6-Diaminohexanoate|(S)-a,epsilon-Diaminocaproate|(S)-a,epsilon-Diaminocaproic acid|(S)-alpha,epsilon-Diaminocaproate|(S)-Α,epsilon-diaminocaproate|(S)-Α,epsilon-diaminocaproic acid|L-2,6-Diaminocaproate|2,6-Diaminohexanoate|(+)-S-Lysine|(S)-2,6-Diamino-hexanoate|(S)-2,6-Diamino-hexanoic acid|(S)-a,e-Diaminocaproate|(S)-a,e-Diaminocaproic acid|6-Amino-aminutrin|6-Amino-L-norleucine|a-Lysine|alpha-Lysine|Aminutrin|H-Lys-OH|L-(+)-Lysine|L-2,6-Diainohexanoate|L-2,6-Diainohexanoic acid|L-Lys|Acetate, lysine|Enisyl|Lysine hydrochloride|L Lysine|Lysine acetate",C6H14N2O2,146.1876,146.105527702,"(2S)-2,6-diaminohexanoic acid",L-lysine,56-87-1,NCCCC[C@H](N)C(O)=O,"InChI=1S/C6H14N2O2/c7-4-2-1-3-5(8)6(9)10/h5H,1-4,7-8H2,(H,9,10)/t5-/m0/s1",KDXKERNSBIXSRK-YFKPBYRVSA-N
HMDB0000187,L-Serine,"(2S)-2-Amino-3-hydroxypropanoic acid|(S)-(-)-Serine|(S)-2-Amino-3-hydroxypropanoic acid|(S)-alpha-Amino-beta-hydroxypropionic acid|(S)-Serine|beta-Hydroxy-L-alanine|beta-Hydroxyalanine|L-(-)-Serine|L-2-Amino-3-hydroxypropionic acid|L-3-Hydroxy-2-aminopropionic acid|L-3-Hydroxy-alanine|L-Ser|L-Serin|S|Ser|SERINE|(2S)-2-Amino-3-hydroxypropanoate|(S)-2-Amino-3-hydroxypropanoate|(S)-a-Amino-b-hydroxypropionate|(S)-a-Amino-b-hydroxypropionic acid|(S)-alpha-Amino-beta-hydroxypropionate|(S)-Α-amino-β-hydroxypropionate|(S)-Α-amino-β-hydroxypropionic acid|b-Hydroxy-L-alanine|Β-hydroxy-L-alanine|b-Hydroxyalanine|Β-hydroxyalanine|L-2-Amino-3-hydroxypropionate|L-3-Hydroxy-2-aminopropionate|(-)-Serine|(S)-2-Amino-3-hydroxy-propanoate|(S)-2-Amino-3-hydroxy-propanoic acid|(S)-b-Amino-3-hydroxypropionate|(S)-b-Amino-3-hydroxypropionic acid|(S)-beta-Amino-3-hydroxypropionate|(S)-beta-Amino-3-hydroxypropionic acid|2-Amino-3-hydroxypropanoate|2-Amino-3-hydroxypropanoic acid|3-Hydroxy-L-alanine|L Serine|(3R,3'r,6S)-4,5-DIDEHYDRO-5,6-dihydro-BETA,BETA-carotene-3,3'-diol|Bo-xan|e 161b|Xanthophyll|(3R,3'r,6S)-4,5-DIDEHYDRO-5,6-dihydro-b,b-carotene-3,3'-diol|(3R,3'r,6S)-4,5-DIDEHYDRO-5,6-dihydro-β,β-carotene-3,3'-diol",C3H7NO3,105.0926,105.042593095,(2S)-2-amino-3-hydroxypropanoic acid,L-serine,56-45-1,N[C@@H](CO)C(O)=O,"InChI=1S/C3H7NO3/c4-2(1-5)3(6)7/h2,5H,1,4H2,(H,6,7)/t2-/m0/s1",MTCFGRXMJLQNBG-REOHCLBHSA-N
HMDB0000190,L-Lactic acid,"(+)-Lactic acid|(S)-(+)-Lactic acid|(S)-2-Hydroxypropanoic acid|(S)-2-Hydroxypropionic acid|L-(+)-alpha-Hydroxypropionic acid|L-(+)-Lactic acid|L-Milchsaeure|L-Lactate|(+)-Lactate|(S)-(+)-Lactate|(S)-2-Hydroxypropanoate|(S)-2-Hydroxypropionate|L-(+)-a-Hydroxypropionate|L-(+)-a-Hydroxypropionic acid|L-(+)-alpha-Hydroxypropionate|L-(+)-Α-hydroxypropionate|L-(+)-Α-hydroxypropionic acid|L-(+)-Lactate|(alpha)-Lactate|(alpha)-Lactic acid|(S)-(+)-2-Hydroxypropanoate|(S)-(+)-2-Hydroxypropanoic acid|(S)-2-Hydroxy-propanoate|(S)-2-Hydroxy-propanoic acid|(S)-Lactate|(S)-Lactic acid|1-Hydroxyethane 1-carboxylate|1-Hydroxyethane 1-carboxylic acid|1-Hydroxyethanecarboxylate|1-Hydroxyethanecarboxylic acid|2-Hydroxypropanoate|2-Hydroxypropanoic acid|2-Hydroxypropionate|a-Hydroxypropanoate|a-Hydroxypropanoic acid|a-Hydroxypropionate|a-Hydroxypropionic acid|alpha-Hydroxypropanoate|alpha-Hydroxypropanoic acid|alpha-Hydroxypropionate|alpha-Hydroxypropionic acid|L-(+)- Lactic acid|L-2-Hydroxypropanoate|L-2-Hydroxypropanoic acid|Lactate|Lactic acid|Milk acid|Sarcolactic acid|2-Hydroxypropionic acid|D-Lactic acid|D Lactic acid|Lactate, ammonium|2 Hydroxypropanoic acid|2 Hydroxypropionic acid|Ammonium lactate|L Lactic acid|D-Lactate|L-Lactic acid",C3H6O3,90.0779,90.031694058,(2S)-2-hydroxypropanoic acid,(α)-lactate,79-33-4,C[C@H](O)C(O)=O,"InChI=1S/C3H6O3/c1-2(4)3(5)6/h2,4H,1H3,(H,5,6)/t2-/m0/s1",JVTAAEKCZFNVCJ-REOHCLBHSA-N
HMDB0000191,L-Aspartic acid,"(S)-2-Aminobutanedioic acid|(S)-2-Aminosuccinic acid|2-Aminosuccinic acid|Asp|ASPARTIC ACID|D|L-Asparaginsaeure|L-Asp|(S)-2-Aminobutanedioate|(S)-2-Aminosuccinate|2-Aminosuccinate|ASPARTate|L-Aspartate|(+)-Aspartate|(+)-Aspartic acid|(2S)-Aspartate|(2S)-Aspartic acid|(L)-Aspartate|(L)-Aspartic acid|(R)-2-Aminosuccinate|(S)-(+)-Aspartate|(S)-(+)-Aspartic acid|(S)-Amino-butanedioate|(S)-Amino-butanedioic acid|(S)-Aminobutanedioate|(S)-Aminobutanedioic acid|(S)-Aspartate|(S)-Aspartic acid|2-Amino-3-methylsuccinate|2-Amino-3-methylsuccinic acid|alpha-Aminosuccinate|alpha-Aminosuccinic acid|Aminosuccinate|Asparagate|Asparagic acid|Asparaginate|Asparaginic acid|Asparatate|H-Asp-OH|L-(+)-Aspartate|L-(+)-Aspartic acid|L-Aminosuccinate|L-Aminosuccinic acid|L-Asparagate|L-Asparagic acid|L-Asparaginate|L-Asparaginic acid|(+-)-Aspartic acid|(R,S)-Aspartic acid|Aspartate, disodium|Aspartate, magnesium|Aspartate, monopotassium|Aspartic acid, dipotassium salt|Aspartic acid, hydrobromide|Aspartic acid, monopotassium salt|Aspartic acid, monosodium salt|Aspartic acid, potassium salt|L Aspartate|MG5Longoral|Potassium aspartate|Polysuccinimide|Ammonium aspartate|Aspartate, ammonium|Aspartate, calcium|Aspartate, monosodium|Aspartic acid, calcium salt|Aspartic acid, disodium salt|Aspartic acid, magnesium (1:1) salt, hydrochloride, trihydrate|Dipotassium aspartate|Disodium aspartate|Hydrochloride, aspartate magnesium|Monopotassium aspartate|Sodium aspartate|Aspartate, dipotassium|Aspartic acid, magnesium (2:1) salt|Aspartic acid, sodium salt|Hydrobromide aspartic acid|Magnesium aspartate|MG 5 Longoral|Monosodium aspartate|Aspartate magnesium hydrochloride|Aspartate, potassium|Aspartate, sodium|Aspartic acid, ammonium salt|Aspartic acid, hydrochloride|Aspartic acid, magnesium-potassium (2:1:2) salt|Calcium aspartate|Hydrochloride aspartic acid|L Aspartic acid|Magnesiocard|MG-5-Longoral|Poly-DL-succinimide",C4H7NO4,133.1027,133.037507717,(2S)-2-aminobutanedioic acid,L-aspartic acid,56-84-8,N[C@@H](CC(O)=O)C(O)=O,"InChI=1S/C4H7NO4/c5-2(4(8)9)1-3(6)7/h2H,1,5H2,(H,6,7)(H,8,9)/t2-/m0/s1",CKLJMWTZIZZHCS-REOHCLBHSA-N
HMDB0000211,myo-Inositol,"(1R,2R,3S,4S,5R,6S)-Cyclohexane-1,2,3,4,5,6-hexol|1,2,3,4,5,6-HEXAHYDROXY-cyclohexane|1,2,3,5/4,6-cyclohexanehexol|1D-Myo-inositol|1l-Myo-inositol|Bios I|cis-1,2,3,5-trans-4,6-Cyclohexanehexol|Cyclohexitol|D-Myo-inositol|Dambose|I-inositol|Inosite|Inositol|Ins|L-Myo-inositol|Meat sugar|Meso-inositol|Myoinositol|Inosital|Iso-inositol|MI|Myoinosite|Phaseomannite|Rat antispectacled eye factor|Myo inositol|Vitamin b8|Myo-inositol",C6H12O6,180.1559,180.063388116,"(1R,2R,3r,4S,5S,6s)-cyclohexane-1,2,3,4,5,6-hexol",L-inositol,87-89-8,O[C@H]1[C@H](O)[C@@H](O)[C@H](O)[C@H](O)[C@@H]1O,"InChI=1S/C6H12O6/c7-1-2(8)4(10)6(12)5(11)3(1)9/h1-12H/t1-,2-,3-,4+,5-,6-",CDAISMWEOUEBRE-GPIVLXJGSA-N
HMDB0000214,Ornithine,"(S)-2,5-Diaminopentanoate|(S)-2,5-Diaminopentanoic acid|(S)-2,5-Diaminovaleric acid|(S)-alpha,delta-Diaminovaleric acid|(S)-Ornithine|(S)-2,5-Diaminovalerate|(S)-a,delta-Diaminovalerate|(S)-a,delta-Diaminovaleric acid|(S)-alpha,delta-Diaminovalerate|(S)-Α,δ-diaminovalerate|(S)-Α,δ-diaminovaleric acid|(S)-a,Δ-diaminovalerate|(S)-a,Δ-diaminovaleric acid|(+)-S-Ornithine|(S)-a,D-Diaminovalerate|(S)-a,D-Diaminovaleric acid|5-Amino-L-norvaline|L-(-)-Ornithine|L-Ornithine|2,5-Diaminopentanoic acid|Ornithine dihydrochloride, (L)-isomer|Ornithine hydrochloride, (D)-isomer|Ornithine, (D)-isomer|Ornithine, (L)-isomer|2,5 Diaminopentanoic acid|Ornithine monoacetate, (L)-isomer|Ornithine monohydrochloride, (D)-isomer|Ornithine monohydrochloride, (DL)-isomer|Ornithine phosphate (1:1), (L)-isomer|Ornithine sulfate (1:1), (L)-isomer|Ornithine hydrochloride, (DL)-isomer|Ornithine hydrochloride, (L)-isomer|Ornithine monohydrobromide, (L)-isomer|Ornithine, (DL)-isomer",C5H12N2O2,132.161,132.089877638,"(2S)-2,5-diaminopentanoic acid",ornithine,3184-13-2,NCCC[C@H](N)C(O)=O,"InChI=1S/C5H12N2O2/c6-3-1-2-4(7)5(8)9/h4H,1-3,6-7H2,(H,8,9)/t4-/m0/s1",AHLPHDHHMVZTML-BYPYZUCNSA-N
HMDB0000220,Palmitic acid,"1-Hexyldecanoic acid|1-Pentadecanecarboxylic acid|16:00|C16|C16 Fatty acid|C16:0|Cetylic acid|CH3-[CH2]14-COOH|FA 16:0|Hexadecanoate|Hexadecoic acid|Hexadecylic acid|Hexaectylic acid|N-Hexadecanoic acid|N-Hexadecoic acid|Palmitate|Palmitinic acid|Palmitinsaeure|Pentadecanecarboxylic acid|1-Hexyldecanoate|1-Pentadecanecarboxylate|Cetylate|Hexadecanoic acid|Hexadecoate|Hexadecylate|Hexaectylate|N-Hexadecanoate|N-Hexadecoate|Palmitinate|Pentadecanecarboxylate|Edenor C16|Emersol 140|Emersol 143|Glycon p-45|Hexadecanoate (N-C16:0)|Hexadecanoic acid palmitic acid|Hydrofol|Hydrofol acid 1690|Hystrene 8016|Hystrene 9016|Industrene 4516|Kortacid 1698|Loxiol ep 278|Lunac p 95|Lunac p 95KC|Lunac p 98|Palmitoate|Palmitoic acid|PAM|PLM|Prifac 2960|Prifrac 2960|Pristerene 4934|Univol u332|Acid, hexadecanoic|Acid, palmitic|FA(16:0)",C16H32O2,256.4241,256.240230268,hexadecanoic acid,palmitic acid,57-10-3,CCCCCCCCCCCCCCCC(O)=O,"InChI=1S/C16H32O2/c1-2-3-4-5-6-7-8-9-10-11-12-13-14-15-16(17)18/h2-15H2,1H3,(H,17,18)",IPCSVZSSVZVIGE-UHFFFAOYSA-N
HMDB0000228,Phenol,"Acide carbolique|Acide phenique|Benzenol|Carbolic acid|Carbolsaeure|Hydroxybenzene|Karbolsaeure|Oxybenzene|Phenic acid|Phenylic acid|Phenylic alcohol|PHOH|Liquefied phenol|Phenol for disinfection|Phenol, liquefied|Paoscle|Carbolate|Phenate|Phenylate|Anbesol|Benzophenol|Campho-phenique cold sore gel|Campho-phenique gel|Campho-phenique liquid|Carbolic acid liquid|Carbolic oil|Carbolicum acidum|Carbolsaure|Cepastat lozenges|Cuticura pain relieving ointment|Fenol|Fenolo|Fenosmolin|Fenosmoline|Hydroxy-benzene|IPH|IZAL|Liquid phenol|Liquified phenol|Monohydroxy benzene|Monohydroxybenzene|Monophenol|Phenic|Phenic alcohol|Phenol alcohol|Phenol homopolymer|Phenol liquid|Phenol molten|Phenol polymer-bound|Phenol solution|Phenol synthetic|Phenolated water|Phenolated water for disinfection|Phenole|Phenosmolin|Synthetic phenol|Tea polyphenol|Phenol, sodium salt|Phenolate sodium|Carbol|Phenolate, sodium|Sodium phenolate",C6H6O,94.1112,94.041864814,phenol,phenol,108-95-2,OC1=CC=CC=C1,"InChI=1S/C6H6O/c7-6-4-2-1-3-5-6/h1-5,7H",ISWSIDIOOBJBQZ-UHFFFAOYSA-N
HMDB0000243,Pyruvic acid,"2-Ketopropionic acid|2-Oxopropanoic acid|2-Oxopropansaeure|2-Oxopropionsaeure|Acetylformic acid|Acide pyruvique|alpha-Ketopropionic acid|alpha-Oxopropionsaeure|Brenztraubensaeure|BTS|CH3COCOOH|Pyroracemic acid|2-Oxopropanoate|2-Ketopropionate|Acetylformate|a-Ketopropionate|a-Ketopropionic acid|alpha-Ketopropionate|Α-ketopropionate|Α-ketopropionic acid|a-Oxopropionsaeure|Α-oxopropionsaeure|Pyroracemate|Pyruvate|2-Oxopropionate|2-Oxopropionic acid|Acid, pyruvic|Pyruvic acid|alpha-Ketopropanoic acid|α-Ketopropanoic acid",C3H4O3,88.0621,88.016043994,2-oxopropanoic acid,pyruvic acid,127-17-3,CC(=O)C(O)=O,"InChI=1S/C3H4O3/c1-2(4)3(5)6/h1H3,(H,5,6)",LCTONWCANYUPML-UHFFFAOYSA-N
HMDB0000254,Succinic acid,"1,2-Ethanedicarboxylic acid|Acide butanedioique|Acide succinique|Acidum succinicum|Amber acid|Asuccin|Bernsteinsaeure|Butandisaeure|Butanedionic acid|Dihydrofumaric acid|e363|Ethylenesuccinic acid|HOOC-CH2-CH2-COOH|Spirit OF amber|1,2-Ethanedicarboxylate|Butanedionate|Dihydrofumarate|Ethylenesuccinate|Succinate|2-Acetamido-2-deoxy-D-glucose|D-GlcNAc|N-Acetyl-D-glucosamine|N-Acetylchitosamine|N Acetyl D glucosamine|2 Acetamido 2 deoxy D glucose|2 Acetamido 2 deoxyglucose|2-Acetamido-2-deoxyglucose|Acetylglucosamine|1,4-Butanedioate|1,4-Butanedioic acid|Katasuccin|Wormwood acid|1,2 Ethanedicarboxylic acid|1,4 Butanedioic acid|Potassium succinate|Succinate, ammonium|Butanedioic acid|Succinate, potassium|Ammonium succinate",C4H6O4,118.088,118.02660868,butanedioic acid,succinic acid,110-15-6,OC(=O)CCC(O)=O,"InChI=1S/C4H6O4/c5-3(6)1-2-4(7)8/h1-2H2,(H,5,6)(H,7,8)",KDYFGRWQOYBRFD-UHFFFAOYSA-N
HMDB0000256,Squalene,"(all-e)-2,6,10,15,19,23-Hexamethyl-2,6,10,14,18,22-tetracosahexaene|Spinacene|Supraene|(e,e,e,e)-Squalene|all-trans-Squalene|trans-Squalene|Squalene",C30H50,410.73,410.39125161,"(6E,10E,14E,18E)-2,6,10,15,19,23-hexamethyltetracosa-2,6,10,14,18,22-hexaene",squalene,111-02-4,CC(C)=CCC\C(C)=C\CC\C(C)=C\CC\C=C(/C)CC\C=C(/C)CCC=C(C)C,"InChI=1S/C30H50/c1-25(2)15-11-19-29(7)23-13-21-27(5)17-9-10-18-28(6)22-14-24-30(8)20-12-16-26(3)4/h15-18,23-24H,9-14,19-22H2,1-8H3/b27-17+,28-18+,29-23+,30-24+",YYGNTYWPHWGJRM-AAJYLUCBSA-N
HMDB0000258,Sucrose,"1-alpha-D-Glucopyranosyl-2-beta-D-fructofuranoside|beta-D-Fruf-(21)-alpha-D-GLCP|Cane sugar|Sacarosa|Saccharose|Sacharose|Table sugar|White sugar|White soft sugar|Sugar, compressible|Sugar, confectioner's|Sugar spheres|Sucrose, purified|1-a-D-Glucopyranosyl-2-b-D-fructofuranoside|1-Α-D-glucopyranosyl-2-β-D-fructofuranoside|b-D-Fruf-(21)-a-D-GLCP|Β-D-fruf-(21)-α-D-GLCP|(+)-Sucrose|b -D-Fructofuranosyl a-D-glucopyranoside|D-(+)-Saccharose|D-(+)-Sucrose|D-Sucrose|Saccharum|Sugar",C12H22O11,342.2965,342.116211546,"(2R,3R,4S,5S,6R)-2-{[(2S,3S,4S,5R)-3,4-dihydroxy-2,5-bis(hydroxymethyl)oxolan-2-yl]oxy}-6-(hydroxymethyl)oxane-3,4,5-triol",sucrose,57-50-1,OC[C@H]1O[C@@](CO)(O[C@H]2O[C@H](CO)[C@@H](O)[C@H](O)[C@H]2O)[C@@H](O)[C@@H]1O,"InChI=1S/C12H22O11/c13-1-4-6(16)8(18)9(19)11(21-4)23-12(3-15)10(20)7(17)5(2-14)22-12/h4-11,13-20H,1-3H2/t4-,5-,6-,7-,8+,9-,10+,11-,12+/m1/s1",CZMRCDWAGMRECN-UGDNZRGBSA-N
HMDB0000267,Pyroglutamic acid,"(-)-2-Pyrrolidone-5-carboxylic acid|(S)-(-)-2-Pyrrolidone-5-carboxylic acid|(S)-Pyroglutamic acid|5-Pyrrolidone-2-carboxylic acid|L-5-Pyrrolidone-2-carboxylic acid|L-Pyroglutamic acid|Pidolic acid|Pyroglutamate|5-oxo-L-Proline|(-)-2-Pyrrolidone-5-carboxylate|(S)-(-)-2-Pyrrolidone-5-carboxylate|(S)-Pyroglutamate|5-Pyrrolidone-2-carboxylate|L-5-Pyrrolidone-2-carboxylate|L-Pyroglutamate|Pidolate|(-)-Pyroglutamate|(-)-Pyroglutamic acid|(5S)-2-Oxopyrrolidine-5-carboxylate|(5S)-2-Oxopyrrolidine-5-carboxylic acid|(S)-(-)-g-Butyrolactam-g-carboxylate|(S)-(-)-g-Butyrolactam-g-carboxylic acid|(S)-(-)-gamma-Butyrolactam-gamma-carboxylate|(S)-(-)-gamma-Butyrolactam-gamma-carboxylic acid|(S)-2-Pyrrolidone-5-carboxylate|(S)-2-Pyrrolidone-5-carboxylic acid|(S)-5-oxo-2-Pyrrolidinecarboxylate|(S)-5-oxo-2-Pyrrolidinecarboxylic acid|2-L-Pyrrolidone-5-carboxylate|2-L-Pyrrolidone-5-carboxylic acid|2-Oxopyrrolidine-5(S)-carboxylate|2-Oxopyrrolidine-5(S)-carboxylic acid|2-Pyrrolidinone-5-carboxylate|2-Pyrrolidinone-5-carboxylic acid|5-Carboxy-2-pyrrolidinone|5-L-Oxoproline|5-Oxoproline|5-Pyrrolidinone-2-carboxylate|5-Pyrrolidinone-2-carboxylic acid|Ajidew a 100|Glutimate|Glutimic acid|Glutiminate|Glutiminic acid|L-2-Pyrrolidone-5-carboxylate|L-2-Pyrrolidone-5-carboxylic acid|L-5-Carboxy-2-pyrrolidinone|L-5-oxo-2-Pyrrolidinecarboxylate|L-5-oxo-2-Pyrrolidinecarboxylic acid|L-5-Oxoproline|L-Glutamic acid g-lactam|L-Glutimate|L-Glutimic acid|L-Glutiminate|L-Glutiminic acid|L-Pyrrolidinonecarboxylate|L-Pyrrolidinonecarboxylic acid|L-Pyrrolidonecarboxylate|L-Pyrrolidonecarboxylic acid|Oxoproline|Oxopyrrolidinecarboxylate|Oxopyrrolidinecarboxylic acid|Pidolidone|Pyrrolidinonecarboxylate|Pyrrolidinonecarboxylic acid|Pyrrolidone-5-carboxylate|Pyrrolidone-5-carboxylic acid|Pyrrolidonecarboxylic acid|5-Ketoproline|Pidolate, magnesium|5-Oxopyrrolidine-2-carboxylic acid|Magnesium pidolate|2-Pyrrolidone-5-carboxylic acid|5-Oxoprolinate|PCA",C5H7NO3,129.114,129.042593095,(2S)-5-oxopyrrolidine-2-carboxylic acid,pyroglutamic acid,98-79-3,OC(=O)[C@@H]1CCC(=O)N1,"InChI=1S/C5H7NO3/c7-4-2-1-3(6-4)5(8)9/h3H,1-2H2,(H,6,7)(H,8,9)/t3-/m0/s1",ODHCTXKNWHHXJC-VKHMYHEASA-N
HMDB0000292,Xanthine,"2,6-Dihydroxypurine|2,6-Dioxo-1,2,3,6-tetrahydropurine|9H-Purine-2,6-(1H,3H)-dione|Purine-2(3H),6(1H)-dione|Xan|1H-Purine-2,6-diol|2,6(1,3)-Purinedion|2,6-Dioxopurine|3,7-Dihydro-1H-purine-2,6-dione|3,7-Dihydropurine-2,6-dione|9H-Purine-2,6(1H,3H)-dione|9H-Purine-2,6-diol|Dioxopurine|Isoxanthine|Pseudoxanthine|Purine-2,6(1H,3H)-dione|Purine-2,6-diol|Xanthic oxide|Xanthin",C5H4N4O2,152.1109,152.033425392,"2,3,6,7-tetrahydro-1H-purine-2,6-dione",xanthine,69-89-6,O=C1NC2=C(NC=N2)C(=O)N1,"InChI=1S/C5H4N4O2/c10-4-2-3(7-1-6-2)8-5(11)9-4/h1H,(H3,6,7,8,9,10,11)",LRFVTYWOQMYALW-UHFFFAOYSA-N
HMDB0000294,Urea,1728|Carbamide|Carbonyldiamide|e927b|H2NC(O)NH2|Harnstoff|Karbamid|ur|Uree|Pastaron|Alphadrate|ARF|b-I-K|beta-I-K|Bromisovalum|Bubber shet|Calmurid|Calmurid HC|Carbaderm|Carbamide resin|Carbonyl diamide|Carbonyl diamine|Carbonyldiamine|Carmol|Helicosol|Hyanit|Isourea|Keratinamin|Keratinamin kowa|Mocovina|Onychomal|Panafil|URE|Ureaphil|Ureophil|Basodexan,CH4N2O,60.0553,60.03236276,urea,urea,57-13-6,NC(N)=O,"InChI=1S/CH4N2O/c2-1(3)4/h(H4,2,3,4)",XSQUKJJJFZCRTK-UHFFFAOYSA-N
HMDB0000301,Urocanic acid,"(2E)-3-(1H-Imidazol-4-yl)acrylic acid|(e)-3-(1H-Imidazol-4-yl)-2-propenoic acid|(2E)-3-(1H-Imidazol-4-yl)acrylate|(e)-3-(1H-Imidazol-4-yl)-2-propenoate|Urocanate|3-(1H-Imidazol-4-yl)-2-propenoate|3-(1H-Imidazol-4-yl)-2-propenoic acid|3-(1H-Imidazol-4-yl)acrylate|3-(1H-Imidazol-4-yl)acrylic acid|3-(4-Imidazolyl)acrylate|3-(4-Imidazolyl)acrylic acid|5-Imidazoleacrylate|5-Imidazoleacrylic acid|Imidazole-4-acrylate|Imidazole-4-acrylic acid|Imidazoleacrylic acid|Acid, glyoxalinylacrylic|Acid, urocanic|Glyoxalinylacrylic acid|(2E)-3-(1H-Imidazol-5-yl)-2-propenoic acid|(e)-3-(4-Imidazolyl)acrylic acid|(e)-3-(Imidazol-4-yl)-2-propenoic acid|(e)-Urocanic acid|trans-Urocanic acid",C6H6N2O2,138.124,138.042927446,(2E)-3-(1H-imidazol-4-yl)prop-2-enoic acid,trans-urocanic acid,3465-72-3,OC(=O)\C=C\C1=CNC=N1,"InChI=1S/C6H6N2O2/c9-6(10)2-1-5-3-7-4-8-5/h1-4H,(H,7,8)(H,9,10)/b2-1+",LOIYMIARKYCTBW-OWOJBTEDSA-N
HMDB0000323,3-Amino-2-piperidone,Cyclo-ornithine|(+)-3-Aminopiperidin-2-one|(R)-(+)-3-Amino-2-piperidinon|(S)-(-)-3-Amino-2-piperidinon|(S)-3-Amino-2-piperidinon|3-Amino-2-piperidinone|Ornithine N5-lactam|3-Aminopiperidine-2-one|3-Amino-2-piperidone,C5H10N2O,114.1457,114.079312952,3-aminopiperidin-2-one,3-amino-2-piperidone,1892-22-4,NC1CCCNC1=O,"InChI=1S/C5H10N2O/c6-4-2-1-3-7-5(4)8/h4H,1-3,6H2,(H,7,8)",YCCMTCQQDULIFE-UHFFFAOYSA-N
HMDB0000482,Caprylic acid,"1-Heptanecarboxylic acid|8:0|Acide octanoique|Acido octanoico|Acidum octanocium|Acidum octanoicum|C8:0|CH3-[CH2]6-COOH|Kaprylsaeure|N-Caprylic acid|N-Octanoic acid|N-Octoic acid|N-Octylic acid|OCTANOIC ACID (caprylIC ACID)|Octansaeure|Octoic acid|Octylic acid|Octanoate|1-Heptanecarboxylate|N-Caprylate|N-Octanoate|N-Octoate|N-Octylate|OCTANOate (caprylate)|Octoate|Octylate|Octanoic acid|Caprylate|Emery 657|Kortacid 0899|Lunac 8-95|Lunac 8-98|Neo-fat 8|Neo-fat 8S|Prifac 2901|Caprylic acid, cadmium salt|Caprylic acid, cesium salt|Caprylic acid, manganese salt|Caprylic acid, nickel(+2) salt|Caprylic acid, zinc salt|Caprylic acid, aluminum salt|Caprylic acid, barium salt|Caprylic acid, chromium(+2) salt|Caprylic acid, lead(+2) salt|Caprylic acid, potassium salt|Caprylic acid, tin(+2) salt|Sodium octanoate|Caprylic acid, 14C-labeled|Caprylic acid, lithium salt|Caprylic acid, ruthenium(+3) salt|Caprylic acid, sodium salt|Caprylic acid, sodium salt, 11C-labeled|Caprylic acid, tin salt|Caprylic acid, zirconium salt|Sodium caprylate|Caprylic acid, ammonia salt|Caprylic acid, calcium salt|Caprylic acid, cobalt salt|Caprylic acid, copper salt|Caprylic acid, copper(+2) salt|Caprylic acid, iridum(+3) salt|Caprylic acid, iron(+3) salt|Caprylic acid, lanthanum(+3) salt|Caprylic acid, zirconium(+4) salt|FA(8:0)|Lithium octanoate",C8H16O2,144.2114,144.115029756,octanoic acid,caprylic acid,124-07-2,CCCCCCCC(O)=O,"InChI=1S/C8H16O2/c1-2-3-4-5-6-7-8(9)10/h2-7H2,1H3,(H,9,10)",WWZKQHOCKIZLMA-UHFFFAOYSA-N
HMDB0000492,Chloride ion,"Chloride(1-)|Chlorine anion|CL(-)|Chloride|Bertholite|Chloor|Chlor|Chlore|Chlorine|Chlorine gas|Cl|Cl2|Diatomic chlorine|Dichlorine|Molecular chlorine|Chloride ion level|Ion level, chloride|Chlorides|Level, chloride ion|MSR-1 Protein, nicotiana plumbaginifolia|PLS216 Protein, nicotiana plumbaginifolia",Cl,35.453,34.968852707,chloride,chloride,16887-00-6,[Cl-],InChI=1S/ClH/h1H/p-1,VEXZGXHMUGYJMC-UHFFFAOYSA-M
HMDB0000500,4-Hydroxybenzoic acid,"4-Carboxyphenol|p-HYDROXYBENZOIC ACID|p-Salicylic acid|Hydroxybenzoic acid|Hydroxybenzenecarboxylic acid|p-HYDROXYBENZOate|p-Salicylate|Hydroxybenzoate|Hydroxybenzenecarboxylate|4-Hydroxybenzoate|4-Hydroxy-benzoate|4-Hydroxy-benzoesaeure|4-Hydroxy-benzoic acid|p-Carboxyphenol|p-Hydroxy-benzoate|p-Hydroxy-benzoic acid|Paraben-acid|4-Hydroxybenzoic acid, calcium salt|4-Hydroxybenzoic acid, dilithium salt|4-Hydroxybenzoic acid, disodium salt|Para-hydroxybenzoic acid|Sodium p-hydroxybenzoate tetrahydrate|4-Hydroxybenzoic acid, copper(2+)(1:1) salt|4-Hydroxybenzoic acid, dipotassium salt|4-Hydroxybenzoic acid, monopotassium salt|4-Hydroxybenzoic acid, monosodium salt|4-Hydroxybenzoic acid, monosodium salt, 11C-labeled|4-Hydroxybenzene carboxylic acid|p-Hydroxyl benzoic acid|4-Hydroxybenzoic acid",C7H6O3,138.122,138.031694053,Nah,,99-96-7,OC(=O)C1=CC=C(O)C=C1,"InChI=1S/C7H6O3/c8-6-3-1-5(2-4-6)7(9)10/h1-4,8H,(H,9,10)",FJKROLUGYXJWQN-UHFFFAOYSA-N
HMDB0000511,Capric acid,"1-Nonanecarboxylic acid|10:0|C10:0|Caprinic acid|CH3-[CH2]8-COOH|Decanoate|Decoic acid|Decylic acid|Dekansaeure|Kaprinsaeure|N-Capric acid|N-Decanoic acid|N-Decoic acid|N-Decylic acid|1-Nonanecarboxylate|Caprinate|Decanoic acid|Decoate|Decylate|N-Caprate|N-Decanoate|N-Decoate|N-Decylate|Caprate|Caprynate|Caprynic acid|Emery 659|Lunac 10-95|Lunac 10-98|Prifac 2906|Prifac 296|Decanoic acid, sodium salt|Sodium caprate|Sodium decanoate|FA(10:0)",C10H20O2,172.2646,172.146329884,decanoic acid,capric acid,334-48-5,CCCCCCCCCC(O)=O,"InChI=1S/C10H20O2/c1-2-3-4-5-6-7-8-9-10(11)12/h2-9H2,1H3,(H,11,12)",GHVNFZFCNZKVNT-UHFFFAOYSA-N
HMDB0000517,L-Arginine,"(2S)-2-Amino-5-(carbamimidamido)pentanoic acid|(2S)-2-Amino-5-guanidinopentanoic acid|(S)-2-Amino-5-guanidinopentanoic acid|(S)-2-Amino-5-guanidinovaleric acid|Arg|Arginine|L-(+)-Arginine|L-Arg|L-Arginin|R|(2S)-2-Amino-5-(carbamimidamido)pentanoate|(2S)-2-Amino-5-guanidinopentanoate|(S)-2-Amino-5-guanidinopentanoate|(S)-2-Amino-5-guanidinovalerate|(S)-2-Amino-5-[(aminoiminomethyl)amino]-pentanoate|(S)-2-Amino-5-[(aminoiminomethyl)amino]-pentanoic acid|(S)-2-Amino-5-[(aminoiminomethyl)amino]pentanoate|(S)-2-Amino-5-[(aminoiminomethyl)amino]pentanoic acid|2-Amino-5-guanidinovalerate|2-Amino-5-guanidinovaleric acid|5-[(Aminoiminomethyl)amino]-L-norvaline|L-a-Amino-D-guanidinovalerate|L-a-Amino-D-guanidinovaleric acid|L-alpha-Amino-delta-guanidinovalerate|L-alpha-Amino-delta-guanidinovaleric acid|N5-(Aminoiminomethyl)-L-ornithine|DL-Arginine acetate, monohydrate|L-Isomer arginine|Monohydrate DL-arginine acetate|L Arginine|Arginine, L isomer|Arginine, L-isomer|Hydrochloride, arginine|Arginine hydrochloride|DL Arginine acetate, monohydrate",C6H14N4O2,174.201,174.111675712,(2S)-2-amino-5-carbamimidamidopentanoic acid,L-arginine,74-79-3,N[C@@H](CCCNC(N)=N)C(O)=O,"InChI=1S/C6H14N4O2/c7-4(5(11)12)2-1-3-10-6(8)9/h4H,1-3,7H2,(H,11,12)(H4,8,9,10)/t4-/m0/s1",ODKSFYDXXFIFQN-BYPYZUCNSA-N
HMDB0000535,Caproic acid,"1-Hexanoic acid|1-Pentanecarboxylic acid|6:0|Butylacetic acid|C6:0|Capronic acid|CH3-[CH2]4-COOH|Hexanoate|Hexoic acid|Hexylic acid|N-Caproic acid|N-Hexanoic acid|N-Hexoic acid|N-Hexylic acid|Pentanecarboxylic acid|Pentiformic acid|Pentylformic acid|1-Hexanoate|1-Pentanecarboxylate|Butylacetate|Capronate|Hexanoic acid|Hexoate|Hexylate|N-Caproate|N-Hexanoate|N-Hexoate|N-Hexylate|Pentanecarboxylate|Pentiformate|Pentylformate|Caproate|Hexanoic acid, calcium salt|Hexanoic acid, sodium salt, 1-(11)C-labeled|Hexanoic acid, nickel (2+) salt|Hexanoic acid, sodium salt|Bismuth(III)hexanoate|Hexanoic acid, copper (2+) salt|Hexanoic acid, manganese (2+) salt|Bi(ohex)3|Hexanoic acid, barium salt|Hexanoic acid, potassium salt|Hexanoic acid, rhodium (2+) salt|FA(6:0)|Calcium N-hexanoate|Hexanoic acid, sodium salt (1:1)|Sodium capronate|Calcium hexanoate|Caproic acid sodium salt|Sodium caproate|Sodium hexanoate",C6H12O2,116.1583,116.083729628,Nah,,142-62-1,CCCCCC(O)=O,"InChI=1S/C6H12O2/c1-2-3-4-5-6(7)8/h2-5H2,1H3,(H,7,8)",FUZZWVXGSFPDMH-UHFFFAOYSA-N
HMDB0000562,Creatinine,"1-Methylglycocyamidine|1-Methylhydantoin-2-imide|2-Amino-1,5-dihydro-1-methyl-4H-imidazol-4-one|2-Amino-1-methylimidazolin-4-one|Creatine anhydride|Creatinina|Kreatinin|2-Amino-1-methyl-1,5-dihydroimidazol-4-one|Krebiozen|Sulfate salt, creatinine|Creatinine sulfate salt|Salt, creatinine sulfate",C4H7N3O,113.1179,113.058911861,2-imino-1-methylimidazolidin-4-one,creatinina,60-27-5,CN1CC(=O)NC1=N,"InChI=1S/C4H7N3O/c1-7-2-3(8)6-4(7)5/h2H2,1H3,(H2,5,6,8)",DDRJAANPRJIHGJ-UHFFFAOYSA-N
HMDB0000574,L-Cysteine,(2R)-2-Amino-3-mercaptopropanoic acid|(2R)-2-Amino-3-sulfanylpropanoic acid|(R)-2-Amino-3-mercaptopropanoic acid|C|Cys|CYSTEINE|e 920|e-920|e920|FREE cysteine|L-2-Amino-3-mercaptopropionic acid|L-Cystein|L-Zystein|Ecolan|(2R)-2-Amino-3-mercaptopropanoate|(2R)-2-Amino-3-sulfanylpropanoate|(2R)-2-Amino-3-sulphanylpropanoate|(2R)-2-Amino-3-sulphanylpropanoic acid|(R)-2-Amino-3-mercaptopropanoate|L-2-Amino-3-mercaptopropionate|(+)-2-Amino-3-mercaptopropionic acid|(R)-(+)-Cysteine|(R)-2-Amino-3-mercapto-propanoate|(R)-2-Amino-3-mercapto-propanoic acid|(R)-Cysteine|2-Amino-3-mercaptopropanoate|2-Amino-3-mercaptopropanoic acid|2-Amino-3-mercaptopropionate|2-Amino-3-mercaptopropionic acid|3-Mercapto-L-alanine|Acetylcysteine|alpha-Amino-beta-thiolpropionic acid|b-Mercaptoalanine|beta-Mercaptoalanine|Carbocysteine|Cisteina|Cisteinum|Cystein|Cysteinum|Half-cystine|L Cysteine|L-(+)-Cysteine|L-2-Amino-3-mercaptopropanoate|L-2-Amino-3-mercaptopropanoic acid|Polycysteine|Thioserine|Cysteine hydrochloride|Zinc cysteinate|Half cystine,C3H7NO2S,121.158,121.019749163,(2R)-2-amino-3-sulfanylpropanoic acid,L-cysteine,52-90-4,N[C@@H](CS)C(O)=O,"InChI=1S/C3H7NO2S/c4-2(1-7)3(5)6/h2,7H,1,4H2,(H,5,6)/t2-/m0/s1",XUJNEKJLAYXESH-REOHCLBHSA-N
HMDB0000638,Dodecanoic acid,1-Undecanecarboxylic acid|ABL|C12 Fatty acid|C12:0|CH3-[CH2]10-COOH|Coconut oil fatty acids|DAO|Dodecoic acid|Dodecylcarboxylate|Dodecylic acid|Duodecyclic acid|Duodecylic acid|Lauric acid|Laurinsaeure|Laurostearic acid|N-Dodecanoic acid|Undecane-1-carboxylic acid|Vulvic acid|Dodecanoate|1-Undecanecarboxylate|Dodecoate|Dodecylcarboxylic acid|Dodecylate|Duodecyclate|Duodecylate|Laate|Laic acid|Laurostearate|N-Dodecanoate|Undecane-1-carboxylate|Vulvate|Aliphat no. 4|Edenor C 1298-100|Emery 651|Hystrene 9512|Kortacid 1299|Laurate|Lunac L 70|Lunac L 98|Neo-fat 12|Neo-fat 12-43|Nissan naa 122|Philacid 1200|Prifac 2920|Univol u 314|1-Dodecanoic acid|FA(12:0)|Dodecanoic acid,C12H24O2,200.3178,200.177630012,dodecanoic acid,lauric acid,143-07-7,CCCCCCCCCCCC(O)=O,"InChI=1S/C12H24O2/c1-2-3-4-5-6-7-8-9-10-11-12(13)14/h2-11H2,1H3,(H,13,14)",POULHZVOKOAJMA-UHFFFAOYSA-N
HMDB0000641,L-Glutamine,"(2S)-2,5-Diamino-5-oxopentanoic acid|(2S)-2-Amino-4-carbamoylbutanoic acid|(S)-2,5-Diamino-5-oxopentanoic acid|Glutamic acid 5-amide|Glutamic acid amide|GLUTAMINE|L-(+)-Glutamine|L-2-Aminoglutaramic acid|L-Glutamic acid gamma-amide|L-Glutamin|L-Glutaminsaeure-5-amid|Levoglutamide|Q|Endari|Nutrestore|(2S)-2,5-Diamino-5-oxopentanoate|(2S)-2-Amino-4-carbamoylbutanoate|(S)-2,5-Diamino-5-oxopentanoate|Glutamate 5-amide|Glutamate amide|L-2-Aminoglutaramate|L-Glutamate g-amide|L-Glutamate gamma-amide|L-Glutamate γ-amide|L-Glutamic acid g-amide|L-Glutamic acid γ-amide|2-Aminoglutaramic acid|Cebrogen|gamma-Glutamine|Glavamin|Glumin|L-2-Aminoglutaramidic acid|L-Glutamic acid 5-amide|L-Glutamid|L-Glutamide|Levoglutamid|Levoglutamida|Levoglutamidum|Levoglutamina|Polyglutamine|Stimulina|D-Glutamine|D Glutamine|L Glutamine",C5H10N2O3,146.1445,146.069142196,(2S)-2-amino-4-carbamoylbutanoic acid,L-glutamine,56-85-9,N[C@@H](CCC(N)=O)C(O)=O,"InChI=1S/C5H10N2O3/c6-3(5(9)10)1-2-4(7)8/h3H,1-2,6H2,(H2,7,8)(H,9,10)/t3-/m0/s1",ZDXPYRJPNDTMRX-VKHMYHEASA-N
HMDB0000687,L-Leucine,"(2S)-2-Amino-4-methylpentanoic acid|(2S)-alpha-2-Amino-4-methylvaleric acid|(2S)-alpha-Leucine|(S)-(+)-Leucine|(S)-Leucine|2-Amino-4-methylvaleric acid|L|L-Leucin|L-Leuzin|Leu|LEUCINE|(2S)-2-Amino-4-methylpentanoate|(2S)-a-2-Amino-4-methylvalerate|(2S)-a-2-Amino-4-methylvaleric acid|(2S)-alpha-2-Amino-4-methylvalerate|(2S)-Α-2-amino-4-methylvalerate|(2S)-Α-2-amino-4-methylvaleric acid|(2S)-a-Leucine|(2S)-Α-leucine|2-Amino-4-methylvalerate|(S)-2-Amino-4-methylpentanoate|(S)-2-Amino-4-methylpentanoic acid|(S)-2-Amino-4-methylvalerate|(S)-2-Amino-4-methylvaleric acid|4-Methyl-L-norvaline|L-(+)-Leucine|L-a-Aminoisocaproate|L-a-Aminoisocaproic acid|L-alpha-Aminoisocaproate|L-alpha-Aminoisocaproic acid|Leucine, L-isomer|L-Isomer leucine|Leucine, L isomer",C6H13NO2,131.1729,131.094628665,(2S)-2-amino-4-methylpentanoic acid,L-leucine,61-90-5,CC(C)C[C@H](N)C(O)=O,"InChI=1S/C6H13NO2/c1-4(2)3-5(7)6(8)9/h4-5H,3,7H2,1-2H3,(H,8,9)/t5-/m0/s1",ROHFNLRQFUQHCH-YFKPBYRVSA-N
HMDB0000696,L-Methionine,"(2S)-2-Amino-4-(methylsulfanyl)butanoic acid|(S)-2-Amino-4-(methylthio)butanoic acid|(S)-2-Amino-4-(methylthio)butyric acid|(S)-Methionine|L-(-)-Methionine|L-alpha-Amino-gamma-methylmercaptobutyric acid|L-Methionin|M|Met|METHIONINE|L-2-Amino-4methylthiobutyric acid|L-Methionine Z|(2S)-2-Amino-4-(methylsulfanyl)butanoate|(2S)-2-Amino-4-(methylsulphanyl)butanoate|(2S)-2-Amino-4-(methylsulphanyl)butanoic acid|(S)-2-Amino-4-(methylthio)butanoate|(S)-2-Amino-4-(methylthio)butyrate|L-a-Amino-g-methylmercaptobutyrate|L-a-Amino-g-methylmercaptobutyric acid|L-alpha-Amino-gamma-methylmercaptobutyrate|L-Α-amino-γ-methylmercaptobutyrate|L-Α-amino-γ-methylmercaptobutyric acid|L-2-Amino-4methylthiobutyrate|(L)-Methionine|(S)-(+)-Methionine|(S)-2-Amino-4-(methylthio)-butanoate|(S)-2-Amino-4-(methylthio)-butanoic acid|2-Amino-4-(methylthio)butyrate|2-Amino-4-(methylthio)butyric acid|2-Amino-4-methylthiobutanoate|2-Amino-4-methylthiobutanoic acid|a-Amino-g-methylmercaptobutyrate|a-Amino-g-methylmercaptobutyric acid|Acimethin|alpha-Amino-alpha-aminobutyric acid|alpha-Amino-gamma-methylmercaptobutyrate|alpha-Amino-gamma-methylmercaptobutyric acid|Cymethion|g-Methylthio-a-aminobutyrate|g-Methylthio-a-aminobutyric acid|gamma-Methylthio-alpha-aminobutyrate|gamma-Methylthio-alpha-aminobutyric acid|H-Met-H|H-Met-OH|L(-)-Amino-alpha-amino-alpha-aminobutyric acid|L(-)-Amino-gamma-methylthiobutyric acid|L-2-Amino-4-(methylthio)butyric acid|L-2-Amino-4-methylthiobutyric acid|L-a-Amino-g-methylthiobutyrate|L-a-Amino-g-methylthiobutyric acid|L-alpha-Amino-gamma-methylthiobutyrate|L-alpha-Amino-gamma-methylthiobutyric acid|L-gamma-Methylthio-alpha-aminobutyric acid|L-Methioninum|Liquimeth|Mepron|Methilanin|Methioninum|Metionina|Neo-methidin|Poly-L-methionine|Polymethionine|S-Methionine|S-Methyl-L-homocysteine|Toxin war|L-Isomer methionine|Methionine, L-isomer|Pedameth|Methionine, L isomer|(3R,3'r,6S)-4,5-DIDEHYDRO-5,6-dihydro-BETA,BETA-carotene-3,3'-diol|Bo-xan|e 161b|Xanthophyll|(3R,3'r,6S)-4,5-DIDEHYDRO-5,6-dihydro-b,b-carotene-3,3'-diol|(3R,3'r,6S)-4,5-DIDEHYDRO-5,6-dihydro-β,β-carotene-3,3'-diol",C5H11NO2S,149.211,149.051049291,(2S)-2-amino-4-(methylsulfanyl)butanoic acid,L-methionine,63-68-3,CSCC[C@H](N)C(O)=O,"InChI=1S/C5H11NO2S/c1-9-3-2-4(6)5(7)8/h4H,2-3,6H2,1H3,(H,7,8)/t4-/m0/s1",FFEARJCKVFRZRR-BYPYZUCNSA-N
HMDB0000784,Azelaic acid,"1,7-Dicarboxyheptane|1,7-Heptanedicarboxylic acid|1,9-Nonanedioic acid|Acide azelaique|Acidum azelaicum|Anchoic acid|Azelainsaeure|Azelex|Finacea|Lepargylic acid|N-Nonanedioic acid|Nonandisaeure|Skinoren|Nonanedioic acid|1,7-Heptanedicarboxylate|1,9-Nonanedioate|Anchoate|Lepargylate|N-Nonanedioate|Nonanedioate|Azelaate|Azalaic acid|Azelaicacidtech|Azelainic acid|Azelate|Emerox 1110|Emerox 1144|Emery'S L-110|Finevin|Heptanedicarboxylic acid|Nonanedioic acid azelaic acid|Nonanedioic acid homopolymer|Poly(azelaic anhydride)|Polyazelaic anhydride|Skinorem|Azelaic acid, dilithium salt|Azelaic acid, dipotassium salt|Azelaic acid, disodium salt|Azelaic acid, monosodium salt|Azelaic acid, potassium salt|Azelaic acid, sodium salt|Monosodium azelate|Azelaic acid|Azelic acid|alpha,omega-Nonanedioic acid|α,ω-Nonanedioic acid",C9H16O4,188.2209,188.104859,nonanedioic acid,azelaic acid,123-99-9,OC(=O)CCCCCCCC(O)=O,"InChI=1S/C9H16O4/c10-8(11)6-4-2-1-3-5-7-9(12)13/h1-7H2,(H,10,11)(H,12,13)",BDJRBEYXGGNYIS-UHFFFAOYSA-N
HMDB0000826,Pentadecanoic acid,15:00|C15|C15:0|N-Pentadecanoic acid|Pentadecylic acid|N-Pentadecanoate|Pentadecylate|Pentadecanoate|N-Pentadecylate|N-Pentadecylic acid|Pentadecyclate|Pentadecyclic acid|FA(15:0)|Pentadecanoic acid|14FA,C15H30O2,242.3975,242.224580204,pentadecanoic acid,pentadecanoic acid,1002-84-2,CCCCCCCCCCCCCCC(O)=O,"InChI=1S/C15H30O2/c1-2-3-4-5-6-7-8-9-10-11-12-13-14-15(16)17/h2-14H2,1H3,(H,16,17)",WQEPLUUGTLDZJY-UHFFFAOYSA-N
HMDB0000827,Stearic acid,18:0|Acide octadecanoique|Acide stearique|C18:0|CH3-[CH2]16-COOH|N-Octadecanoic acid|Octadecansaeure|Octadecoic acid|Oktadekansaeure|Stearinsaeure|Stearate|N-Octadecanoate|Octadecoate|Octadecanoic acid|Octadecanoate|1-Heptadecanecarboxylate|1-Heptadecanecarboxylic acid|Stearex beads|Stearic acid cherry|Stearophanate|Stearophanic acid|Calcium stearate|Aluminum tristearate|Ammonium stearate|Zinc stearate|Magnesium stearate|Sodium stearate|Aluminum monostearate|FA(18:0),C18H36O2,284.4772,284.271530396,octadecanoic acid,stearic acid,57-11-4,CCCCCCCCCCCCCCCCCC(O)=O,"InChI=1S/C18H36O2/c1-2-3-4-5-6-7-8-9-10-11-12-13-14-15-16-17-18(19)20/h2-17H2,1H3,(H,19,20)",QIQXTHQIDYTFRH-UHFFFAOYSA-N
HMDB0000847,Pelargonic acid,"1-Nonanoic acid|1-Octanecarboxylic acid|CH3-[CH2]7-COOH|N-Nonanoic acid|Nonanoate|Nonansaeure|Nonoic acid|Nonylic acid|Pelargic acid|Pelargon|Pelargonsaeure|Pergonic acid|1-Nonanoate|1-Octanecarboxylate|N-Nonanoate|Nonanoic acid|Nonoate|Nonylate|Pelargate|Pergonate|Pelargonate|Cirrasol 185a|Emery 1202|Emery'S L-114|Emfac 1202|Hexacid C-9|N-Nonoate|N-Nonoic acid|N-Nonylate|N-Nonylic acid|N-Pelargonate|N-Pelargonic acid|Pelargonic acid, calcium salt|Potassium nonanoate|Pelargonic acid, cadmium salt|Pelargonic acid, sodium salt|Pelargonic acid, zinc salt|Pelargonic acid, aluminum salt|Pelargonic acid, potassium salt|FA(9:0)|Pelargonic acid",C9H18O2,158.238,158.13067982,nonanoic acid,nonanoic acid,112-05-0,CCCCCCCCC(O)=O,"InChI=1S/C9H18O2/c1-2-3-4-5-6-7-8-9(10)11/h2-8H2,1H3,(H,10,11)",FBUKVWPVBMHYJY-UHFFFAOYSA-N
HMDB0000883,L-Valine,(2S)-2-Amino-3-methylbutanoic acid|(S)-Valine|2-Amino-3-methylbutyric acid|L-(+)-alpha-Aminoisovaleric acid|L-alpha-Amino-beta-methylbutyric acid|L-Valin|V|Val|VALINE|(2S)-2-Amino-3-methylbutanoate|2-Amino-3-methylbutyrate|L-(+)-a-Aminoisovalerate|L-(+)-a-Aminoisovaleric acid|L-(+)-alpha-Aminoisovalerate|L-(+)-Α-aminoisovalerate|L-(+)-Α-aminoisovaleric acid|L-a-Amino-b-methylbutyrate|L-a-Amino-b-methylbutyric acid|L-alpha-Amino-beta-methylbutyrate|L-Α-amino-β-methylbutyrate|L-Α-amino-β-methylbutyric acid|(S)-2-Amino-3-methyl-butanoate|(S)-2-Amino-3-methyl-butanoic acid|(S)-2-Amino-3-methylbutanoate|(S)-2-Amino-3-methylbutanoic acid|(S)-2-Amino-3-methylbutyrate|(S)-2-Amino-3-methylbutyric acid|(S)-a-Amino-b-methylbutyrate|(S)-a-Amino-b-methylbutyric acid|(S)-alpha-Amino-beta-methylbutyrate|(S)-alpha-Amino-beta-methylbutyric acid|2-Amino-3-methylbutanoate|2-Amino-3-methylbutanoic acid|L Valine,C5H11NO2,117.1463,117.078978601,(2S)-2-amino-3-methylbutanoic acid,L-valine,72-18-4,CC(C)[C@H](N)C(O)=O,"InChI=1S/C5H11NO2/c1-3(2)4(6)5(7)8/h3-4H,6H2,1-2H3,(H,7,8)/t4-/m0/s1",KZSNJWFQEVHDMF-BYPYZUCNSA-N
HMDB0000904,Citrulline,(S)-2-Amino-5-ureidopentanoic acid|2-Amino-5-ureidovaleric acid|alpha-Amino-delta-ureidovaleric acid|Cit|delta-Ureidonorvaline|L-2-Amino-5-ureidovaleric acid|N(5)-(Aminocarbonyl)-L-ornithine|N5-(Aminocarbonyl)ornithine|N5-Carbamoylornithine|N(delta)-Carbamylornithine|(S)-2-Amino-5-ureidopentanoate|2-Amino-5-ureidovalerate|a-Amino-delta-ureidovalerate|a-Amino-delta-ureidovaleric acid|alpha-Amino-delta-ureidovalerate|Α-amino-δ-ureidovalerate|Α-amino-δ-ureidovaleric acid|Δ-ureidonorvaline|L-2-Amino-5-ureidovalerate|N(Δ)-carbamylornithine|a-Amino-δ-ureidovalerate|a-Amino-δ-ureidovaleric acid|(2S)-2-Amino-5-(carbamoylamino)pentanoate|(2S)-2-Amino-5-(carbamoylamino)pentanoic acid|(S)-2-Amino-5-(aminocarbonyl)aminopentanoate|(S)-2-Amino-5-(aminocarbonyl)aminopentanoic acid|2-Amino-5-uredovalerate|2-Amino-5-uredovaleric acid|a-Amino-D-ureidovalerate|a-Amino-D-ureidovaleric acid|alpha-Amino-gamma-ureidovalerate|alpha-Amino-gamma-ureidovaleric acid|Amino-ureidovalerate|Amino-ureidovaleric acid|CIR|Cytrulline|D-Ureidonorvaline|DL-Citrulline|Gammaureidonorvaline|H-Cit-OH|L(+)-2-Amino-5-ureidovalerate|L(+)-2-Amino-5-ureidovaleric acid|L(+)-Citrulline|L-2-Amino-5-ureido-valerate|L-2-Amino-5-ureido-valeric acid|L-Citrulline|L-Cytrulline|L-N5-Carbamoyl-ornithine|N()-Carbamylornithine|N(5)-(Aminocarbonyl)-DL-ornithine|N-Carbamylornithine|N5-(Aminocarbonyl)-L-ornithine|N5-(Aminocarbonyl)-ornithine|N5-Carbamoyl-L-ornithine|N5-Carbamylornithine|ND-Carbamylornithine|Ndelta-carbamy-ornithine|Ndelta-carbamylornithine|Ngamma-carbamylornithine|Sitrulline|Ureidonorvaline|Ureidovalerate|Ureidovaleric acid,C6H13N3O3,175.1857,175.095691297,(2S)-2-amino-5-(carbamoylamino)pentanoic acid,L-citrulline,372-75-8,N[C@@H](CCCNC(N)=O)C(O)=O,"InChI=1S/C6H13N3O3/c7-4(5(10)11)2-1-3-9-6(8)12/h4H,1-3,7H2,(H,10,11)(H3,8,9,12)/t4-/m0/s1",RHGKLRLOHDJJDR-BYPYZUCNSA-N
HMDB0000929,L-Tryptophan,(2S)-2-Amino-3-(1H-indol-3-yl)propanoic acid|(S)-alpha-Amino-1H-indole-3-propanoic acid|(S)-alpha-Amino-beta-(3-indolyl)-propionic acid|(S)-Tryptophan|L-(-)-Tryptophan|L-beta-3-Indolylalanine|Trp|Tryptophan|W|(2S)-2-Amino-3-(1H-indol-3-yl)propanoate|(S)-a-Amino-1H-indole-3-propanoate|(S)-a-Amino-1H-indole-3-propanoic acid|(S)-alpha-Amino-1H-indole-3-propanoate|(S)-Α-amino-1H-indole-3-propanoate|(S)-Α-amino-1H-indole-3-propanoic acid|(S)-a-Amino-b-(3-indolyl)-propionate|(S)-a-Amino-b-(3-indolyl)-propionic acid|(S)-alpha-Amino-beta-(3-indolyl)-propionate|(S)-Α-amino-β-(3-indolyl)-propionate|(S)-Α-amino-β-(3-indolyl)-propionic acid|L-b-3-Indolylalanine|L-Β-3-indolylalanine|(-)-Tryptophan|(L)-Tryptophan|(S)-1H-Indole-3-alanine|(S)-2-Amino-3-(3-indolyl)propionic acid|(S)-a-Amino-b-indolepropionate|(S)-a-Amino-b-indolepropionic acid|(S)-a-Aminoindole-3-propionate|(S)-a-Aminoindole-3-propionic acid|(S)-alpha-Amino-beta-indolepropionate|(S)-alpha-Amino-beta-indolepropionic acid|(S)-alpha-Aminoindole-3-propionate|(S)-alpha-Aminoindole-3-propionic acid|1-beta-3-Indolylalanine|1beta-3-Indolylalanine|1H-Indole-3-alanine|2-Amino-3-indolylpropanoate|2-Amino-3-indolylpropanoic acid|3-(1H-indol-3-yl)-L-Alanine|3-indol-3-Ylalanine|Alpha'-amino-3-indolepropionic acid|alpha-Aminoindole-3-propionic acid|Ardeytropin|H-TRP-OH|Indole-3-alanine|Kalma|L-alpha-Amino-3-indolepropionic acid|L-alpha-Aminoindole-3-propionic acid|L-Tryptofan|L-Tryptophane|Lopac-T-0254|Lyphan|Optimax|Pacitron|Sedanoct|Triptofano|Trofan|Tryptacin|Tryptan|Tryptophane|Tryptophanum|Ardeydorm|L Tryptophan|L-Tryptophan-ratiopharm|Merck brand OF tryptophan|Niddapharm brand OF tryptophan|ICN brand OF tryptophan|Levotryptophan|PMS Tryptophan|PMS-Tryptophan|Ratiopharm brand OF tryptophan|Esparma brand OF tryptophan|Ratio-tryptophan|L Tryptophan ratiopharm|Naturruhe|Tryptophan metabolism alterations|Ardeypharm brand OF tryptophan|Kalma brand OF tryptophan|Pharmascience brand OF tryptophan|Upsher-smith brand OF tryptophan|Ratio tryptophan,C11H12N2O2,204.2252,204.089877638,(2S)-2-amino-3-(1H-indol-3-yl)propanoic acid,L-tryptophan,73-22-3,N[C@@H](CC1=CNC2=C1C=CC=C2)C(O)=O,"InChI=1S/C11H12N2O2/c12-9(11(14)15)5-7-6-13-10-4-2-1-3-8(7)10/h1-4,6,9,13H,5,12H2,(H,14,15)/t9-/m0/s1",QIVBCDIJIAJPQS-VIFPVBQESA-N
HMDB0000943,Threonic acid,"L-Threonate|(2R,3S)-2,3,4-Trihydroxybutanoic acid|L-Threonic acid|(2R,3S)-2,3,4-Trihydroxybutanoate|Threonate|Threonic acid, (R-(r*,s*))-isomer|2,3,4-Trihydroxy-(threo)-butanoic acid|Threonic acid, (r*,r*)-isomer|2,3,4-Trihydroxybutanoic acid|2,3,4-Trihydroxybutyric acid|Threonic acid",C4H8O5,136.1033,136.037173366,"(2R,3S)-2,3,4-trihydroxybutanoic acid",threonate,7306-96-9,OC[C@H](O)[C@@H](O)C(O)=O,"InChI=1S/C4H8O5/c5-1-2(6)3(7)4(8)9/h2-3,5-7H,1H2,(H,8,9)/t2-,3+/m0/s1",JPIJQSOTBSSVTP-STHAYSLISA-N
HMDB0000990,Acetaldehyde,Acetaldehyd|Acetaldehydes|Acetic aldehyde|Azetaldehyd|Ethanal|Ethyl aldehyde|Aldehyde,C2H4O,44.0526,44.02621475,acetaldehyde,acetaldehyde,75-07-0,CC=O,"InChI=1S/C2H4O/c1-2-3/h2H,1H3",IKHGUXGNUITLKF-UHFFFAOYSA-N
HMDB0001147,Aminomalonic acid,2-Aminomalonic acid|Aminomalonate|2-Aminomalonate|a-Aminomalonic acid|alpha-Aminomalonic acid|amino-Malonic acid|amino-Propanedioate|amino-Propanedioic acid|Aminopropanedioate|Aminopropanedioic acid,C3H5NO4,119.0761,119.021857653,2-aminopropanedioic acid,aminomalonic acid,1068-84-4,NC(C(O)=O)C(O)=O,"InChI=1S/C3H5NO4/c4-1(2(5)6)3(7)8/h1H,4H2,(H,5,6)(H,7,8)",JINBYESILADKFW-UHFFFAOYSA-N
HMDB0001266,L-Sorbose,"alpha-L-Sorbopyranose|Hex-2-ulose|L(-) Sorbose for biochemistry|L(-)-Sorbose|L-(-)-Sorbose|L-(-)-Sorbose 99%|L-1,3,4,5,6-Pentahydroxyhexan-2-one|L-Sorbinose|L-Xylo-2-hexulose|L-Xylo-hexulose|Sorbin|Sorbinose|Sorbose|Xylo-hexulose|alpha-L-Xylo-hexopyranos-2-ulose|Α-L-xylo-hexopyranos-2-ulose|Α-L-sorbopyranose|a-L-Sorbopyranose",C6H12O6,180.1559,180.063388116,"(2R,3S,4R,5S)-2-(hydroxymethyl)oxane-2,3,4,5-tetrol",α-L-sorbopyranose,470-15-5,OC[C@@]1(O)OC[C@H](O)[C@@H](O)[C@@H]1O,"InChI=1S/C6H12O6/c7-2-6(11)5(10)4(9)3(8)1-12-6/h3-5,7-11H,1-2H2/t3-,4+,5-,6+/m0/s1",LKDRXBCSQODPBY-BGPJRJDNSA-N
HMDB0001429,Phosphate,[PO(OH)3]|Acide phosphorique|Acidum phosphoricum|H3PO4|Orthophosphoric acid|Phosphorsaeureloesungen|Phosphorsaeure|Phosphoric acid|Orthophosphate|Concise etchant|Condact|K-Etchant|Uni-etch|Phosphate|Diphosphate tetrasodium|Marphos|NFB|ortho- Phosphoric acid|Phosphoric acid (acd/name 4.0)|Sodium pyrophosphate|Sodium pyrophosphate decahydrate|Sodium pyrophosphate decahydrate biochemica|Sonac|Tetra-sodium pyrophosphate|Tetrasodium pyrophosphate 10-hydrate|Tetrasodium pyrophosphate decahydrate|White phosphoric acid|Hydrogen phosphoric acid|Dihydrogen phosphate|Hydrogen phosphate,H3O4P,97.9952,97.976895096,phosphoric acid,phosphoric acid,14265-44-2,OP(O)(O)=O,"InChI=1S/H3O4P/c1-5(2,3)4/h(H3,1,2,3,4)",NBIIXXVUZAFLBC-UHFFFAOYSA-N
HMDB0001448,Sulfate,[S(OH)2O2]|[SO2(OH)2]|Acide sulfurique|Acido sulfurico|Acidum sulfuricum|H2SO4|Schwefelsaeureloesungen|Sulphuric acid|Sulfuric acid|Acide sulphurique|Acido sulphurico|Acidum sulphuricum|Sulphate|Sulfate,H2O4S,98.078,97.967379242,sulfuric acid,sulfuric acid,14808-79-8,OS(O)(=O)=O,"InChI=1S/H2O4S/c1-5(2,3)4/h(H2,1,2,3,4)",QAOWNCQODCNURD-UHFFFAOYSA-N
HMDB0001870,Benzoic acid,"Acide benzoique|Aromatic carboxylic acid|Benzenecarboxylic acid|Benzeneformic acid|Benzenemethanoic acid|Benzoesaeure|Dracylic acid|e210|Phenylcarboxylic acid|Phenylformic acid|Aromatic carboxylate|Benzenecarboxylate|Benzeneformate|Benzenemethanoate|Dracylate|Phenylcarboxylate|Phenylformate|Benzoate|Benzenemethonic acid|Benzoic acid sodium salt|Carboxybenzene|Diacylate|Diacylic acid|Oracylic acid|Sodium benzoate|Sodium benzoic acid|Acid, benzoic|Kendall brand OF benzoic acid sodium salt|Benzoate, potassium|Potassium benzoate|Ucephan",C7H6O2,122.123,122.036779433,benzoic acid,benzoic acid,65-85-0,OC(=O)C1=CC=CC=C1,"InChI=1S/C7H6O2/c8-7(9)6-4-2-1-3-5-6/h1-5H,(H,8,9)",WPYMKLBDIGXBTP-UHFFFAOYSA-N
HMDB0001881,Propylene glycol,"(R)-1,2-Propanediol|R-1,2-PROPANEDIOL|(R)-Propylene glycol|(-)-1,2-Propanediol|(-)-Propylene glycol|(2R)-1,2-Propanediol|(2R)-Propane-1,2-diol|(R)-(-)-1,2-Propanediol|(R)-2-Hydroxy-1-propanol|1,2-(RS)-Propanediol|1,2-Dihydroxypropane|1,2-Propanediol|1,2-Propylene glycol|1-Deoxy-sn-glycerol|2,3-Propanediol|2-Hydroxypropanol|D-(-)-Propanediol|Isopropylene glycol|Methylethyl glycol|Methylethylene glycol|Monopropylene glycol|Propylene glycol|R-(-)-1,2-Propanediol|R-(-)-Propylene glycol|alpha-Propylene glycol|α-Propylene glycol",C3H8O2,76.0944,76.0524295,"(2R)-propane-1,2-diol","R-1,2-propanediol",4254-14-2,C[C@@H](O)CO,"InChI=1S/C3H8O2/c1-3(5)2-4/h3-5H,2H2,1H3/t3-/m1/s1",DNIAPMSPPWPWGF-GSVOUGTGSA-N
HMDB0001999,Eicosapentaenoic acid,"(5Z,8Z,11Z,14Z,17Z)-5,8,11,14,17-Eicosapentaenoic acid|(5Z,8Z,11Z,14Z,17Z)-Eicosapentaenoate|(5Z,8Z,11Z,14Z,17Z)-Eicosapentaenoic acid|(5Z,8Z,11Z,14Z,17Z)-Icosapentaenoic acid|(all-Z)-5,8,11,14,17-Eicosapentaenoic acid|5,8,11,14,17-EICOSAPENTAENOIC ACID|5,8,11,14,17-Icosapentaenoic acid|all-cis-5,8,11,14,17-Eicosapentaenoic acid|all-cis-Icosa-5,8,11,14,17-pentaenoic acid|cis, cis, cis, cis, cis-Eicosa-5,8,11,14,17-pentaenoic acid|cis-5,8,11,14,17-Eicosapentaenoic acid|cis-5,8,11,14,17-EPA|cis-Delta(5,8,11,14,17)-Eicosapentaenoic acid|EPA|Icosapent|Icosapentaenoic acid|Icosapento|Icosapentum|Timnodonic acid|(5Z,8Z,11Z,14Z,17Z)-Icosapentaenoate|5Z,8Z,11Z,14Z,17Z-Eicosapentaenoic acid|(5Z,8Z,11Z,14Z,17Z)-Icosa-5,8,11,14,17-pentaenoic acid|(5Z,8Z,11Z,14Z,17Z)-5,8,11,14,17-Eicosapentaenoate|(all-Z)-5,8,11,14,17-Eicosapentaenoate|5,8,11,14,17-EICOSAPENTAENOate|5,8,11,14,17-Icosapentaenoate|all-cis-5,8,11,14,17-Eicosapentaenoate|all-cis-Icosa-5,8,11,14,17-pentaenoate|cis, cis, cis, cis, cis-Eicosa-5,8,11,14,17-pentaenoate|cis-5,8,11,14,17-Eicosapentaenoate|cis-delta(5,8,11,14,17)-Eicosapentaenoate|cis-Δ(5,8,11,14,17)-eicosapentaenoate|cis-Δ(5,8,11,14,17)-eicosapentaenoic acid|Icosapentaenoate|Timnodonate|5Z,8Z,11Z,14Z,17Z-Eicosapentaenoate|(5Z,8Z,11Z,14Z,17Z)-Icosa-5,8,11,14,17-pentaenoate|Eicosapentaenoate|Omega-3-eicosapentaenoic acid|Acid, eicosapentanoic|Eicosapentanoic acid|Omega 3 eicosapentaenoic acid|all-cis-Icosapentaenoate|all-cis-Icosapentaenoic acid|(5Z,8Z,11Z,14Z,17Z)-Eicosa-5,8,11,14,17-pentaenoic acid|(all-Z)-delta5,8,11,14,17-Eicosapentaenoic acid|(all-Z)-Δ5,8,11,14,17-eicosapentaenoic acid|(all-cis)-5,8,11,14,17-Eicosapentaenoic acid|FA(20:5(5Z,8Z,11Z,14Z,17Z))|FA(20:5n3)|Eicosapentaenoic acid",C20H30O2,302.451,302.224580204,"(5Z,8Z,11Z,14Z,17Z)-icosa-5,8,11,14,17-pentaenoic acid",eicosapentaenoic acid,10417-94-4,CC\C=C/C\C=C/C\C=C/C\C=C/C\C=C/CCCC(O)=O,"InChI=1S/C20H30O2/c1-2-3-4-5-6-7-8-9-10-11-12-13-14-15-16-17-18-19-20(21)22/h3-4,6-7,9-10,12-13,15-16H,2,5,8,11,14,17-19H2,1H3,(H,21,22)/b4-3-,7-6-,10-9-,13-12-,16-15-",JAZBEHYOTPTENJ-JLNKQSITSA-N
HMDB0002092,Itaconic acid,"2-Methylenesuccinic acid|2-Propene-1,2-dicarboxylic acid|Methylenebutanedioic acid|Methylenesuccinic acid|Propylenedicarboxylic acid|2-Methylenesuccinate|2-Propene-1,2-dicarboxylate|Methylenebutanedioate|Methylenesuccinate|Propylenedicarboxylate|Itaconate|2-Hydroxy-3-naphthoyl-2-naphthylamine|Itaconic acid, copper salt|Itaconic acid, disodium salt|Itaconic acid, calcium salt|Itaconic acid, sodium salt",C5H6O4,130.0987,130.02660868,2-methylidenebutanedioic acid,itaconic acid,97-65-4,OC(=O)CC(=C)C(O)=O,"InChI=1S/C5H6O4/c1-3(5(8)9)2-4(6)7/h1-2H2,(H,6,7)(H,8,9)",LVHBHZANLOWSRM-UHFFFAOYSA-N
HMDB0002111,Water,"[OH2]|Acqua|Agua|Aqua|BOUND water|Dihydridooxygen|Dihydrogen oxide|eau|H2O|HOH|Hydrogen hydroxide|Wasser|Purified water|Purified water in containers|Water, purified|Sterile purified water in containers|Water for injection|Water for injection in containers|Sterile water|Steam|Hydrogen oxide",H2O,18.0153,18.010564686,water,water,7732-18-5,O,InChI=1S/H2O/h1H2,XLYOFNOQVPJJNP-UHFFFAOYSA-N
HMDB0002329,Oxalic acid,"Ethandisaeure|Ethane-1,2-dioic acid|Ethanedioic acid|H2Ox|HOOCCOOH|Oxalsaeure|Ethane-1,2-dioate|Ethanedioate|Oxalate|Ammonium oxalate|Ethanedioic acid dihydrate|Ethanedionate|Ethanedionic acid|Kyselina stavelova|Oxaalzuur|Oxalic acid 2-hydrate|Oxalic acid anhydrous|Oxalic acid diammonium salt|Oxalic acid dihydrate|Acid, oxalic|Aluminum oxalate|Chromium (3+) oxalate (3:2)|Dipotassium oxalate|Iron oxalate|Magnesium oxalate|Magnesium oxalate (1:1)|Oxalate, dilithium|Oxalate, disodium|Oxalate, monohydrogen monopotassium|Oxalate, monopotassium|Oxalate, potassium|Chromium oxalate|Dilithium oxalate|Manganese (2+) oxalate (1:1)|Monosodium oxalate|Oxalate, chromium|Oxalate, dipotassium|Oxalate, magnesium|Oxalate, monosodium|Oxalate, potassium chromium|Oxalate, sodium|Potassium oxalate|Potassium oxalate (2:1)|Diammonium oxalate|Disodium oxalate|Oxalate, aluminum|Oxalate, diammonium|Oxalate, ferric|Oxalate, monoammonium|Potassium chromium oxalate|Chromium (2+) oxalate|Ferric oxalate|Iron (2+) oxalate (1:1)|Iron (3+) oxalate|Monoammonium oxalate|Monohydrogen monopotassium oxalate|Monopotassium oxalate|Oxalate, iron|Sodium oxalate|Oxalic acid",C2H2O4,90.0349,89.995308552,oxalic acid,oxalic acid,144-62-7,OC(=O)C(O)=O,"InChI=1S/C2H2O4/c3-1(4)2(5)6/h(H,3,4)(H,5,6)",MUBZPKHOEPUJKR-UHFFFAOYSA-N
HMDB0002712,"1,5-Anhydrosorbitol","1,5-Anhydro-D-sorbitol|1,5-Anhydroglucitol|1,5-AG|1,5-anhydro-D-Glucitol|1-Deoxyglucose|1,5-ANHYDROSORBITOL|Aceritol|Polygalitol|1-Deoxy-D-glucose|1,5-Sorbitan|1-Deoxy-D-glucopyranose",C6H12O5,164.1565,164.068473494,"(2R,3S,4R,5S)-2-(hydroxymethyl)oxane-3,4,5-triol","1,5-anhydroglucitol",154-58-5,OC[C@H]1OC[C@H](O)[C@@H](O)[C@@H]1O,"InChI=1S/C6H12O5/c7-1-4-6(10)5(9)3(8)2-11-4/h3-10H,1-2H2/t3-,4+,5+,6+/m0/s1",MPCAJMNYNOGXPB-SLPGGIOYSA-N
HMDB0006695,Prolylhydroxyproline,L-Pro-L-hyp|L-Prolyl-L-hydroxyproline|(4R)-L-Prolyl-4-hydroxy-L-proline|4-Hydroxy-1-L-prolyl-proline|L-4-Hydroxy-1-L-prolyl-proline|Proline-hydroxyproline|trans-4-Hydroxy-1-L-prolyl-proline|Prolylhydroxyproline|Pro-hydroxy-Pro|Pro-Hyp|Proline hydroxyproline dipeptide|Proline-hydroxyproline dipeptide,C10H16N2O4,228.245,228.11100701,"(2S,4R)-4-hydroxy-1-[(2S)-pyrrolidine-2-carbonyl]pyrrolidine-2-carboxylic acid",proline-hydroxyproline,18684-24-7,O[C@@H]1C[C@H](N(C1)C(=O)[C@@H]1CCCN1)C(O)=O,"InChI=1S/C10H16N2O4/c13-6-4-8(10(15)16)12(5-6)9(14)7-2-1-3-11-7/h6-8,11,13H,1-5H2,(H,15,16)/t6-,7+,8+/m1/s1",ONPXCLZMBSJLSP-CSMHCCOUSA-N
HMDB0011131,MG(18:0/0:0/0:0),"(2S)-2,3-Dihydroxypropyl octadecanoate|(S)-(+)-1-O-Stearoylglycerol|(S)-1-Monostearin|1-Octadecanoyl-sn-glycerol|MG (18:0/0:0/0:0)|sn-1-Octadecanoyl-monoglyceride|(2S)-2,3-Dihydroxypropyl octadecanoic acid|1-Monoacylglyceride|1-Monoacylglycerol|1-Octadecanoyl-rac-glycerol|1-Stearoyl-glycerol|a-Monoacylglycerol|alpha-Monoacylglycerol|MAG(18:0)|MAG(18:0/0:0)|MG(18:0)|MG(18:0/0:0)|Glycerol 1-octadecanoate|1-Octadecanoylglycerol|Glyceryl monostearate|Glycerol 1-octadecanoic acid|Glyceryl monostearic acid|(1)-2,3-Dihydroxypropyl stearate|1,2,3-Propanetriol 1-octadecanoyl ester|1,2,3-Propanetriol monooctadecanoate|1,2,3-Propanetriol, homopolymer, isooctadecanoate|1-Glyceryl stearate|1-mono-Stearin|1-Monooctadecanoyl-rac-glycerol|1-Monostearin|1-Monostearoylglycerol|1-O-Octadecanoylglycerol|1-O-Stearoylglycerol|1-Stearoyl-rac-glycerol|2,3-Dihydroxypropyl stearate|3-Stearoyloxy-1,2-propanediol|a-Monostearin|alpha-Monostearin|Cefatin|Dermagine|FEMA 2527|Glycerin 1-monostearate|Glycerin 1-stearate|Glycerol 1-monostearate|Glycerol 1-stearate|Glycerol alpha -monostearate|Glycerol alpha -sterate|Glycerol alpha-monostearate|Glyceryl 1-monostearate|Glyceryl-1-monostearate|Octadecanoic acid 2,3-dihydroxypropyl ester|Octadecanoic acid, 2,3-dihydroxypropyl ester|Octadecanoic acid, ester with 1,2,3-propanetriol|Stearic acid 1-monoglyceride|Stearic acid alpha -monoglyceride|Stearic acid alpha-monoglyceride|1-Stearoylglycerol|(±)-2,3-Dihydroxypropyl octadecanoate|1-Monooctadecanoylglycerol|1-O-Octadecanoyl-sn-glycerol|1-monostearoyl-rac-glycerol|2,3-Dihydroxypropyl octadecanoate|Glycerol α-monostearate|Glyceryl 1-octadecanoate|Stearic acid α-monoglyceride|α-Monostearin|1-GMS|Octadecanoic acid-2,3-dihydroxypropyl ester|Glycerol monostearate|GMS",C21H42O4,358.5558,358.308309832,"(2S)-2,3-dihydroxypropyl octadecanoate","(2S)-2,3-dihydroxypropyl octadecanoate",22610-61-3,[H][C@](O)(CO)COC(=O)CCCCCCCCCCCCCCCCC,"InChI=1S/C21H42O4/c1-2-3-4-5-6-7-8-9-10-11-12-13-14-15-16-17-21(24)25-19-20(23)18-22/h20,22-23H,2-19H2,1H3/t20-/m0/s1",VBICKXHEKHSIBG-FQEVSTJZSA-N
HMDB0011564,MG(16:0/0:0/0:0),"(2S)-1-O-Hexadecanoylglycerol|(2S)-1-O-Palmitoylglycerol|(S)-1-Monopalmitin|(S)-2,3-Dihydroxypropyl N-hexadecanoate|MG (16:0/0:0/0:0)|sn-1-Palmitoylmonoglyceride|sn-1-Palmitoylmonoglycerol|(S)-2,3-Dihydroxypropyl N-hexadecanoic acid|1-Glyceryl hexadecanoate|Palmitoyl glycerol, (+,-)-isomer|rac-1(3)-Palmitoyl glycerol|1-Monohexadecanoylglycerol|1-Monohexadecanoyl-rac-glycerol|1-Monopalmitin|Palmitoyl glycerol|Palmitoyl glycerol, hexadecanoic-1-(14)C-labeled CPD, (R)-isomer|1-Hexadecanoylglycerol|1-Palmitoylglycerol|2,3-Dihydroxypropyl hexadecanoate|alpha-Monopalmitin|Glycerol 1-monopalmitate|Glycerol 1-palmitate|Glycerol 3-palmitate|Glyceryl palmitate|Hexadecanoic acid, 2,3-dihydroxypropyl ester|Palmitic acid alpha-monoglyceride|Palmitin, 1-mono|Glycerol 1-hexadecanoic acid|2,3-Dihydroxypropyl hexadecanoic acid|a-Monopalmitin|Α-monopalmitin|Glycerol 1-monopalmitic acid|Glycerol 1-palmitic acid|Glycerol 3-palmitic acid|Glyceryl palmitic acid|Hexadecanoate, 2,3-dihydroxypropyl ester|Palmitate a-monoglyceride|Palmitate alpha-monoglyceride|Palmitate α-monoglyceride|Palmitic acid a-monoglyceride|Palmitic acid α-monoglyceride|(+-)-2,3-Dihydroxypropyl hexadecanoate|(1)-2,3-Dihydroxypropyl palmitate|(C16-C22)Trialkyl glyceride|(S)-2,3-Dihydroxypropyl palmitate|1,2,3-Propanetriol 1-hexandecanoyl ester|1-Hexadecanoyl-sn-glycerol|1-mono-Palmitin|1-MONOPALMITOYL-rac-glycerol|1-Monopalmitoylglycerol|1-O-Hexadecanoylglycerol|2,3-Dihydroxypropyl ester(.+/-.)-hexadecanoic acid|2,3-Dihydroxypropyl palmitate|alpha -Monopalmitin|DL-alpha-Palmitin|Glycerol 1-monohexadecanoate|Glycerol alpha -palmitate|Glycerol palmitate|Glyceryl monopalmitate|Hexadecanoic acid, 2,3-bishydroxy propyl ester|Hexadexanoic acid 2,3-dihydroxypropyl ester|L-(-)-alpha-Monopalmitin|Monopalmitin|Palmitic acid alpha -monoglyceride|Palmitin, 1-mono- (8ci)|rac-1-Palmitoylglycerol|rac-Glycerol 1-palmitate|Glycerol 1-hexadecanoate|(±)-1-hexadecanoylglycerol|(±)-1-monopalmitin|(±)-1-O-hexadecanoylglycerol|1-Glycerol hexadecanoates|1-Glyceryl monohexadecanoate|1-O-Palmitoyl-DL-glycerol|1-O-Palmitoylglycerol|1-Palmitoyl-rac-glycerol|DL-1-Monopalmitin|Hexadecanoic acid alpha-monoglyceride|Hexadecanoic acid α-monoglyceride",C19H38O4,330.5026,330.277009704,"(2S)-2,3-dihydroxypropyl hexadecanoate","(2S)-2,3-dihydroxypropyl hexadecanoate",32899-41-5,[H][C@](O)(CO)COC(=O)CCCCCCCCCCCCCCC,"InChI=1S/C19H38O4/c1-2-3-4-5-6-7-8-9-10-11-12-13-14-15-19(22)23-17-18(21)16-20/h18,20-21H,2-17H2,1H3/t18-/m0/s1",QHZLMUACJMDIAE-SFHVURJKSA-N
HMDB0011733,Glycyl-glycine,"2-(Aminoacetamido)acetic acid|[(Aminoacetyl)amino]acetic acid|Gly-gly|Gly2|Glycine dipeptide|N-Glycylglycine|2-(Aminoacetamido)acetate|[(Aminoacetyl)amino]acetate|((Aminoacetyl)amino)acetic acid|alpha-Glycylglycine|Diglycine|N-GLYCYL- glycine|Glycylglycine hydrochloride|Glycyl glycine|Glycylglycine monohydrochloride|Hydrochloride, glycylglycine|Monohydrochloride, glycylglycine|N Glycylglycine|Glycyl-glycine",C4H8N2O3,132.1179,132.053492132,2-(2-aminoacetamido)acetic acid,Gly-Gly,556-50-3,NCC(=O)NCC(O)=O,"InChI=1S/C4H8N2O3/c5-1-3(7)6-2-4(8)9/h1-2,5H2,(H,6,7)(H,8,9)",YMAWOPBAYDPSLA-UHFFFAOYSA-N
HMDB0013248,Monoethylhexyl phthalic acid,"(2-Ethylhexyl) hydrogen phthalate|1,2-Benzenedicarboxylic acid, mono(2-ethylhexyl) ester|2-([(2-Ethylhexyl)oxy]carbonyl)benzoic acid|2-Ethylhexyl hydrogen phthalate|2-Ethylhexyl phthalate|MEHP|mono(2-Ethylhexyl)phthalate|mono-(2-Ethylhexyl)phthalate|mono-2-Ethylhexyl phthalate|Monoethylhexyl phthalate|Phthalic acid, 2-ethylhexyl ester|(2-Ethylhexyl) hydrogen phthalic acid|1,2-Benzenedicarboxylate, mono(2-ethylhexyl) ester|2-([(2-Ethylhexyl)oxy]carbonyl)benzoate|2-Ethylhexyl hydrogen phthalic acid|2-Ethylhexyl phthalic acid|mono(2-Ethylhexyl)phthalic acid|mono-(2-Ethylhexyl)phthalic acid|mono-2-Ethylhexyl phthalic acid|Phthalate, 2-ethylhexyl ester|MEHP CPD|mono(Ethylhexyl) phthalate|mono-(2-Ethylhexyl)phthalate, sodium salt|1,2-Benzenedicarboxylicacid,mono(2-ethylhexyl)ester|mono-Ethylhexyl|mono-Ethylhexylphthalate|Monoethylhexyl phthalate (mehp)|Monoethylhexylphthalate|MONOOCTYL phthalATE|Phthalic acid 1-hydrogen 2-(2-ethylhexyl) ester|Phthalic acid hydrogen 1-(2-ethylhexyl) ester|PHTHALIC ACID mono-2-ethylhexyl ester|PHTHALIC ACID monooctyl ester|Phthalicacid,2-ethylhexylester|phthalicacidmono-2-ETHYLEXYLESTER|PHTHALICACIDMONOETHYLHEXYL|Phthalicacidmonoethylhexylester|Monoethylhexyl phthalic acid|mono(2-Ethylhexyl) phthalic acid",C16H22O4,278.3435,278.151809192,2-{[(2-ethylhexyl)oxy]carbonyl}benzoic acid,bar 1,4376-20-9,CCCCC(CC)COC(=O)C1=CC=CC=C1C(O)=O,"InChI=1S/C16H22O4/c1-3-5-8-12(4-2)11-20-16(19)14-10-7-6-9-13(14)15(17)18/h6-7,9-10,12H,3-5,8,11H2,1-2H3,(H,17,18)",DJDSLBVSSOQSLW-UHFFFAOYSA-N
HMDB0015217,Pilocarpine,"(3S,4R)-3-Ethyldihydro-4-((1-methyl-1H-imidazol-5-yl)methyl)-2(3H)-furanone|(3S-cis)-3-Ethyldihydro-4-[(1-methyl-1H-imidazol-5-yl)methyl]-2(3H)-furanone|Ocusert pilo-20|Adsorbocarpine|beta-Pilocarpine hydrochloride|Pilocarpin|Pilocarpine chloride|Pilocarpine HCL|Pilocarpine hydrochloride|Pilocarpine monohydrochloride|Pilocarpine muriate|Pilokarpin|Pilokarpin monohydrochloride|Spersacarpine|Spersacarpine hydrochloride|Hydrochloride, pilocarpine|Isopilocarpine|Nitrate, pilocarpine|Pilocarpine mononitrate, (3S-cis)-isomer|Pilocarpine, monohydrochloride, (3S-cis)-isomer|Salagen|Ocusert|Isoptocarpine|Pilocarpine nitrate|Pilocarpine",C11H16N2O2,208.2569,208.121177766,"(3S,4R)-3-ethyl-4-[(1-methyl-1H-imidazol-5-yl)methyl]oxolan-2-one",pilocarpine,54-71-7,CC[C@H]1[C@@H](CC2=CN=CN2C)COC1=O,"InChI=1S/C11H16N2O2/c1-3-10-8(6-15-11(10)14)4-9-5-12-7-13(9)2/h5,7-8,10H,3-4,6H2,1-2H3/t8-,10-/m0/s1",QCHFTSOMWOSFHM-WPRPVWTQSA-N
HMDB0028843,Glycyl-Histidine,"g-H Dipeptide|GH Dipeptide|Gly-his|Glycine histidine dipeptide|Glycine-histidine dipeptide|Glycylhistidine|L-Glycyl-L-histidine|Glycyl-L-histidine|Glycylhistidine, monohydrochloride|2-[(2-Amino-1-hydroxyethylidene)amino]-3-(1H-imidazol-5-yl)propanoate",C8H12N4O3,212.2059,212.09094027,2-(2-aminoacetamido)-3-(1H-imidazol-5-yl)propanoic acid,2-(2-aminoacetamido)-3-(3H-imidazol-4-yl)propanoic acid,Nah,NCC(=O)NC(CC1=CN=CN1)C(O)=O,"InChI=1S/C8H12N4O3/c9-2-7(13)12-6(8(14)15)1-5-3-10-4-11-5/h3-4,6H,1-2,9H2,(H,10,11)(H,12,13)(H,14,15)",YIWFXZNIBQBFHR-UHFFFAOYSA-N
HMDB0028850,Glycyl-Serine,g-S Dipeptide|Gly-ser|Glycine serine dipeptide|Glycine-serine dipeptide|Glycylserine|GS Dipeptide|L-Glycyl-L-serine|2-[(2-Amino-1-hydroxyethylidene)amino]-3-hydroxypropanoate|GlySer,C5H10N2O4,162.1439,162.064056818,2-[(2-amino-1-hydroxyethylidene)amino]-3-hydroxypropanoic acid,2-[(2-amino-1-hydroxyethylidene)amino]-3-hydroxypropanoic acid,Nah,NCC(O)=NC(CO)C(O)=O,"InChI=1S/C5H10N2O4/c6-1-4(9)7-3(2-8)5(10)11/h3,8H,1-2,6H2,(H,7,9)(H,10,11)",BCCRXDTUTZHDEU-UHFFFAOYSA-N
HMDB0031230,2-Ethylhexanoic acid,2-Ethylhexanoate|Sinesto b|(+/-)-2-ethylhexanoIC ACID|2-Butylbutanoic acid|2-Ethyl hexanoic acid|2-Ethyl-1-hexanoic acid|2-Ethyl-hexoic acid|2-Ethyl-hexonic acid|2-Ethylcaproic acid|2-Ethylcapronic acid|2-Ethylhexoic acid|3-Heptanecarboxylic acid|alpha-Ethylcaproic acid|alpha-Ethylhexanoic acid|Butylethylacetic acid|a-Ethyl caproate|a-Ethyl caproic acid|alpha-Ethyl caproate|Α-ethyl caproate|Α-ethyl caproic acid|2-Ethylhexanoic acid|(±)-2-Ethylhexanoic acid|Ethylhexanoic acid|Octylic acid|α-Ethylcaproic acid|α-Ethylhexanoic acid,C8H16O2,144.2114,144.115029756,2-ethylhexanoic acid,2-ethylhexanoic acid,149-57-5,CCCCC(CC)C(O)=O,"InChI=1S/C8H16O2/c1-3-5-6-7(4-2)8(9)10/h7H,3-6H2,1-2H3,(H,9,10)",OBETXYAYXDNJHR-UHFFFAOYSA-N
HMDB0032538,Triethanolamine,"2,2',2''-NITRILOTRIETHANOL|2,2',2''-Nitrilotris(ethanol)|H3Tea|N(CH2CH2OH)3|Nitrilo-2,2',2''-triethanol|Nitrilotriethanol|TEA|Tris(2-hydroxyethyl)amine|Tris(beta-hydroxyethyl)amine|Trolamine|Mobisy|Tris(b-hydroxyethyl)amine|Tris(β-hydroxyethyl)amine|2,2', 2''-Nitrilotriethanol|2,2',2""-nitrilotriethanol|2,2',2''-Nitrilotri-ethanol|2,2',2''-Nitrilotris-ethanol|2,2',2''-Nitrilotrisethanol|2,2',2''-Nitrilotris[ethanol]|2,2',2''-Trihydroxy-triethylamine|2,2',2''-Trihydroxytriethylamine|2,2',2'-Nitrilotriethanol|2,2',2'-Nitrilotris-ethanol|2,2',2-Nitrilotriethanol|2,2',2-Nitrilotris(ethanol)|2,2',2Quot -nitrilotriethanol|2,2'2''-Nitrilotris-ethanol|2,2,2-Nitrilotriethanol|637-39-8 (Unspecified hydrochloride)|7376-31-0 (Unspecified sulfate salt)|7376-31-0 (Unspecified sulphate salt)|Alkano|Alkanolamine 244|BTB|Cerumenex|Daltogen|Ethanol, 2,2',2''-nitrilotris-, homopolymer|Mobisyl|Nitrilo-2,2',2quot -triethanol|Nitrilotris(ethanol)|Poly(triethanolamine) ether|Sodium isa|Sterolamide|Sting-kill|Tea (amino alcohol)|TEOA|Thiofaco T-35|Tri(hydroxyethyl)amine|Triaethanolamin-NG|Triethanolamin|Triethanolamin-NG|Triethanolamine condensate polymer|Triethanolamine homopolymer|Triethylolamine|Trihydroxyethylamine|Trihydroxytriethylamine|Tris(2-hydroxyethyl) amine|Tris(beta -hydroxyethyl)amine|Tris(hydroxyethyl)amine|Trola|Trolamine (NF)|Triethanolamine acetate|Triethanolamine hydrochloride|Triethanolamine iodohydrate|Triethanolamine sulfate|Triethanolamine citrate|Triethanolamine titanium salt|Triethanolamine citrate (1:1)|Triethanolamine maleate|Triethanolamine phosphate|Triethanolamine tartrate (1:1), (R-(r*,r*))-isomer|Triethanolammonium chloride|Triethanolamine copper salt|Triethanolamine sulfate (2:1)|Triethanolamine sulfite (1:1)",C6H15NO3,149.1882,149.105193351,2-[bis(2-hydroxyethyl)amino]ethan-1-ol,triethanolamine,102-71-6,OCCN(CCO)CCO,"InChI=1S/C6H15NO3/c8-4-1-7(2-5-9)3-6-10/h8-10H,1-6H2",GSEJCLTVZPLZKY-UHFFFAOYSA-N
HMDB0032572,Methylparaben,"4-Hydroxybenzoic acid methyl ester|e 218|e218|FEMA no. 2710|INS no. 218|INS number 218|Maseptol|Metaben|Methaben|Methyl butex|Methyl chemosept|Methyl p-hydroxybenzoate|Methyl paraben|Methyl parahydroxybenzoate|Metoxyde|Moldex|Nipagin|p-Carbomethoxyphenol|p-Hydroxybenzoic acid methyl ester|p-Methoxycarbonylphenol|p-Oxybenzoesauremethylester|Paridol|Preserval|Septos|Solbrol|Tegosept m|4-Hydroxybenzoate methyl ester|Methyl p-hydroxybenzoic acid|Methyl parahydroxybenzoic acid|p-Hydroxybenzoate methyl ester|Methyl-4-hydroxybenzoate|Methylparaben, sodium salt|4-(Methoxycarbonyl)phenol|Benzoic acid, 4-hydroxy-, methyl ester|Benzoic acid, P-hydroxy-, methyl ester|Methyl 4-hydroxybenzoate|Methyl ester OF P-hydroxybenzoic acid|Methyl P-oxybenzoate|Methyl parasept|Methyl-P-hydroxybenzoate|Nipagin m|P-Hydroxybenzoic acid, methyl ester|P-Hydroxybenzoic methyl ester|4-(Carbomethoxy)phenol|4-Hydroxymethyl benzoate|Methyl 4-(3'-butenyloxy)benzoate|Methylparaben",C8H8O3,152.1473,152.047344122,methyl 4-hydroxybenzoate,paraben,99-76-3,COC(=O)C1=CC=C(O)C=C1,"InChI=1S/C8H8O3/c1-11-8(10)6-2-4-7(9)5-3-6/h2-5,9H,1H3",LXCFILQKKLGQFO-UHFFFAOYSA-N
HMDB0032574,Propylparaben,"4-Hydroxybenzoic acid propyl ester|4-Hydroxybenzoic acid, propyl ester|N-Propyl 4-hydroxybenzoate|N-Propyl p-hydroxybenzoate|N-Propyl paraben|p-Hydroxybenzoic acid propyl ester|p-Hydroxybenzoic propyl ester|p-Hydroxypropyl benzoate|p-Oxybenzoesaeurepropylester|Propyl p-hydroxybenzoate|Propyl paraben|Propyl parahydroxybenzoate|4-Hydroxybenzoate propyl ester|4-Hydroxybenzoate, propyl ester|N-Propyl 4-hydroxybenzoic acid|N-Propyl p-hydroxybenzoic acid|p-Hydroxybenzoate propyl ester|p-Hydroxypropyl benzoic acid|Propyl p-hydroxybenzoic acid|Propyl parahydroxybenzoic acid|3(Or 4)-hydroxybenzoic acid propyl ester|Nipazol|Propyl 4-hydroxybenzoate|Propylparaben, monosodium salt|Bayer D 206|PEPH|4-Hydroxybenzoic acid propylester|Aseptoform P|Benzoic acid, 4-hydroxy-, propyl ester|Benzoic acid, P-hydroxy-, propyl ester|Betacide P|Betacine P|Chemacide PK|Chemocide PK|Chemoside PK|Lexgard P|N-Propyl-P-hydroxybenzoate|N-Propylparaben|Nipagin P|Nipasol|P-Hydroxybenzoic acid N-propyl ester|P-Hydroxybenzoic acid, propyl ester|Propagin|Propyl aseptoform|Propyl butex|Propyl chemosept|Propyl chemsept|Propyl parasept|Propyl-4-hydroxybenzoate|Propyl-paraben|Propylparaben, usan|Propylparasept|Protaben P|Solbrol P|Tegosept P",C10H12O3,180.2005,180.07864425,propyl 4-hydroxybenzoate,propylparaben,94-13-3,CCCOC(=O)C1=CC=C(O)C=C1,"InChI=1S/C10H12O3/c1-2-7-13-10(12)8-3-5-9(11)6-4-8/h3-6,11H,2,7H2,1H3",QELSKZZBTMNZEB-UHFFFAOYSA-N
HMDB0033584,Diethyl tartrate,"Diethyl tartric acid|Diethyl tartrate, (S-(r*,r*))-isomer|Tartaric acid diethyl ester|(+)-Diethyl L-tartrate|(+)-Diethyl-L-tartrate|(+)-Tartaric acid diethyl ester|(-)-Diethyl-D-tartrate|Butanedioic acid, 2,3-dihydroxy- (2R,3R)-, diethyl ester|Butanedioic acid, 2,3-dihydroxy- (R-(r*,r*)), diethyl ester|Butanedioic acid, 2,3-dihydroxy-, diethyl ester|Diethyl (+)-tartrate|Diethyl (2R,3R)-(+)-tartrate|Diethyl (2R,3R)-tartrate|Diethyl (R,R)(+)tartrate|Diethyl 1,2-dihydroxy-1, 2-ethanedicarboxylate|Diethyl 1,2-dihydroxy-1,2-ethanedicarboxylate|Diethyl 2,3-dihydroxybutanedioate|Diethyl 2,3-dihydroxysuccinate|Diethyl ester(R,R)-tartaric acid|Diethyl L-tartrate|Diethyl tartarate|Diethyl tartratene|Diethyl-D-tartrate|Ethyl (+)-tartrate|Ethyl tartarate|Ethyl tartrate|FEMA 2378|L-(+)-(Diethyl tartrate)|L-(+)-Tartaric acid diethyl ester|Racem-dimethoxysuccinic acid, dimethylester|Racemic-dimethoxysuccinic acid, dimethyl ester|Tartaric acid, diethyl ester|Tartaric acid, diethyl ester (8ci)|[-]-Tartaric acid diethyl ester|1,4-Diethyl 2,3-dihydroxybutanedioic acid|Diethyl tartrate",C8H14O6,206.1932,206.07903818,"1,4-diethyl 2,3-dihydroxybutanedioate",diethyl tartrate,87-91-2,CCOC(=O)C(O)C(O)C(=O)OCC,"InChI=1S/C8H14O6/c1-3-13-7(11)5(9)6(10)8(12)14-4-2/h5-6,9-10H,3-4H2,1-2H3",YSAVZVORKRDODB-UHFFFAOYSA-N
HMDB0033704,L-Galactose,"WURCS=2.0/1,1,0/[a1221h-1a_1-5]/1/|a-L-Galactose|Α-L-galactose|a-L-Galactopyranose|Α-L-galactopyranose|L-Galactopyranose|alpha-Galactose|alpha-L-Gal|alpha-L-Galactopyranose|alpha-L-Galactose|Α-galactose|Α-L-gal|Galactopyranose|Galactose|L-Galactose",C6H12O6,180.1559,180.063388116,"(2R,3S,4R,5S,6S)-6-(hydroxymethyl)oxane-2,3,4,5-tetrol",α-L-galactose,12772-65-5,OC[C@@H]1O[C@@H](O)[C@@H](O)[C@H](O)[C@@H]1O,"InChI=1S/C6H12O6/c7-1-2-3(8)4(9)5(10)6(11)12-2/h2-11H,1H2/t2-,3+,4+,5-,6+/m0/s1",WQZGKKKJIJFFOK-SXUWKVJYSA-N
HMDB0041827,Ammonium,[NH4](+)|Ammonium cation|Ammonium ion|Ammonium(1+)|NH4+|NH4(+)|Ammonia ion|Ammonium chloride|Azanium|[NH4]+|Ammonium compounds,H4N,18.0385,18.034374133,azanium,azanium,14798-03-9,[NH4+],InChI=1S/H3N/h1H3/p+1,QGZKDVFQNNGYKY-UHFFFAOYSA-O
HMDB0062186,1-Deoxy-1-(N6-lysino)-D-fructose,"(2S)-2-Amino-6-({[(2R,3S,4S,5R)-2,3,4-trihydroxy-5-(hydroxymethyl)oxolan-2-yl]methyl}amino)hexanoate|1-Deoxy-1-(N6-lysino)-D-fructose|N6-(1-Deoxy-beta-D-fructopyranos-1-yl)-L-lysine|N6-(1-Deoxy-β-D-fructopyranos-1-yl)-L-lysine|Nepsilon-Fructosyllysine|Nε-Fructosyllysine",C12H24N2O7,308.331,308.158351121,"(2S)-2-amino-6-({[(2R,3S,4S,5R)-2,3,4-trihydroxy-5-(hydroxymethyl)oxolan-2-yl]methyl}amino)hexanoic acid","(2S)-2-amino-6-({[(2R,3S,4S,5R)-2,3,4-trihydroxy-5-(hydroxymethyl)oxolan-2-yl]methyl}amino)hexanoic acid",78525-25-4,N[C@@H](CCCCNC[C@@]1(O)O[C@H](CO)[C@@H](O)[C@@H]1O)C(O)=O,"InChI=1S/C12H24N2O7/c13-7(11(18)19)3-1-2-4-14-6-12(20)10(17)9(16)8(5-15)21-12/h7-10,14-17,20H,1-6,13H2,(H,18,19)/t7-,8+,9+,10-,12+/m0/s1",ZAWLGBRDVQURAK-TYCYOEEFSA-N
