Unknown,Rank,Library,Id,Mass,Lib MW,InLib,MF,Prob(%),Name,CAS,NIST r.n.,InChIKey
#1 204.0000@17.4960 MS1+,1,mainlib,233878,496.253,496,-359,840,9.3,"Ethyl .alpha.-D-glucopyranoside, 4TMS derivative",0,365900,BWIOVUPDSFZRRW-UHFFFAOYSA-N
#2 217.0000@21.6996 MS1+,1,replib,38053,604.267,604,1433,963,98.3,Pseudo uridine penta-tms,53294250,465881,XHLZQKAETJELAB-UHFFFAOYSA-N
#3 299.0000@10.0960 MS1+,1,mainlib,283525,314.095,314,171,879,91.6,"Silanol, trimethyl-, phosphate (3:1)",10497059,484581,QJMMCGKXBZVAEI-UHFFFAOYSA-N
#4 174.0000@10.4026 MS1+,1,replib,33559,291.151,291,148,971,73.0,"Glycine, 3TMS derivative",5630820,452907,YVBMCPFZLGEMJT-UHFFFAOYSA-N
#5 73.0000@13.1362 MS1+,1,mainlib,50983,410.216,410,195,966,48.0,"Erythritol, 4TMS derivative",25258020,380155,ZBFVOPVQUXWTHM-IYBDPMFKSA-N
#6 73.0000@18.0279 MS1+,1,mainlib,51102,614.316,614,146,966,32.4,"D-Mannitol, 6TMS",14317078,380338,USBJDBWAPKNPCK-MOUTVQLLSA-N
#7 299.0000@10.1273 MS1+,1,mainlib,283525,314.095,314,276,904,92.1,"Silanol, trimethyl-, phosphate (3:1)",10497059,484581,QJMMCGKXBZVAEI-UHFFFAOYSA-N
#8 73.0000@17.8840 MS1+,1,mainlib,51092,569.288,569,-100,942,14.0,"D-(+)-Talose, pentakis(trimethylsilyl) ether, methyloxime (syn)",0,380187,LLVFXXKDPAPSCJ-QJOMJCCJSA-N
#9 73.0000@13.0359 MS1+,1,mainlib,50979,410.216,410,281,968,36.0,"L-Threitol, 4TMS derivative",0,380140,ZBFVOPVQUXWTHM-HOTGVXAUSA-N
#10 73.0000@18.1466 MS1+,1,replib,12402,614.316,614,118,958,33.8,"D-Glucitol, 6TMS",14199805,380145,USBJDBWAPKNPCK-UEQSERJNSA-N
#11 441.0000@19.6229 MS1+,1,replib,12859,456.186,456,595,964,96.8,"9H-Purine, 9-(trimethylsilyl)-2,6,8-tris[(trimethylsilyl)oxy]-",959230898,465870,AFJHZOLZVMKSLY-UHFFFAOYSA-N
#12 73.0000@18.3845 MS1+,1,mainlib,51077,628.295,628,336,944,64.4,"D-Galactonic acid, 6TMS",55400163,485855,IVIMVRAMMWQMHJ-WZYRSQIMSA-N
#13 299.0000@10.2337 MS1+,1,mainlib,283525,314.095,314,171,875,91.8,"Silanol, trimethyl-, phosphate (3:1)",10497059,484581,QJMMCGKXBZVAEI-UHFFFAOYSA-N
#14 154.0000@17.7963 MS1+,1,mainlib,178437,371.188,371,101,829,87.8,"L-Histidine, N,1-bis(trimethylsilyl)-, trimethylsilyl ester",17908257,79178,MEFLGORIMZDUEG-AWEZNQCLSA-N
#15 299.0000@10.1273 MS1+,1,replib,41975,314.095,314,216,915,88.8,"Silanol, trimethyl-, phosphate (3:1)",10497059,334839,QJMMCGKXBZVAEI-UHFFFAOYSA-N
#16 73.0000@13.1298 MS1+,1,mainlib,50983,410.216,410,168,952,37.4,"Erythritol, 4TMS derivative",25258020,380155,ZBFVOPVQUXWTHM-IYBDPMFKSA-N
#17 73.0000@12.9860 MS1+,1,mainlib,49535,410.216,410,-256,841,30.1,"D-Threitol, 4TMS derivative",32381525,17156,ZBFVOPVQUXWTHM-HZPDHXFCSA-N
#18 174.0000@10.4152 MS1+,1,replib,33581,291.151,291,-118,885,58.4,"Glycine, 3TMS derivative",5630820,158658,YVBMCPFZLGEMJT-UHFFFAOYSA-N
#19 147.0000@7.1060 MS1+,1,mainlib,167894,220.095,220,536,984,91.2,"Glycolic acid, 2TMS derivative",33581770,352446,MAEQOWMWOCEXKP-UHFFFAOYSA-N
#20 73.0000@7.8879 MS1+,1,replib,12242,234.074,234,125,918,57.0,"Oxalic acid, 2TMS derivative",18294047,78866,DDCDOSJHFOGNRO-UHFFFAOYSA-N
#22 73.0000@17.3837 MS1+,1,mainlib,49469,569.288,569,-103,932,14.6,"D-Psicose, pentakis(trimethylsilyl) ether, methyloxime (syn)",0,380176,ACDMQGXCXUQPRR-NMWGTECJSA-N
#25 73.0000@17.8400 MS1+,1,replib,12337,569.288,569,-331,848,9.1,"d-Mannose, 2,3,4,5,6-pentakis-O-(trimethylsilyl)-, o-methyloxyme, (1Z)-",128705679,306816,LLVFXXKDPAPSCJ-QJOMJCCJSA-N
#26 147.0000@7.2749 MS1+,1,mainlib,168026,232.095,232,196,938,59.1,"2-Propenoic acid, 2-[(trimethylsilyl)oxy]-, trimethylsilyl ester",55191134,332320,WRBWZWGIWNGSRX-UHFFFAOYSA-N
#27 115.0000@13.7553 MS1+,1,mainlib,49742,329.177,329,383,901,64.0,"Creatinine enol N1,N3,O-tris(trimethylsilyl)",0,141268,LZKCXGZZEBFBHI-YPKPFQOOSA-N
#29 73.0000@18.4030 MS1+,1,mainlib,51077,628.295,628,-117,868,65.5,"D-Galactonic acid, 6TMS",55400163,485855,IVIMVRAMMWQMHJ-WZYRSQIMSA-N
#30 73.0000@18.0091 MS1+,1,replib,12304,614.316,614,168,956,24.3,"D-Glucitol, 6TMS",14199805,473368,USBJDBWAPKNPCK-UEQSERJNSA-N
#31 117.0000@13.5053 MS1+,1,mainlib,49908,424.232,424,-101,881,57.6,"1-Deoxypentitol, 4TMS derivative",0,151320,RTBKSPXOIOYVSS-UHFFFAOYSA-N
#32 319.0000@18.0279 MS1+,1,replib,12752,614.316,614,-168,876,34.6,"D-Glucitol, 6TMS",14199805,58376,USBJDBWAPKNPCK-UEQSERJNSA-N
#33 147.0000@9.3643 MS1+,1,mainlib,168874,204.111,204,265,940,87.5,"Urea, 2TMS derivative",18297637,149254,MASDFXZJIDNRTR-UHFFFAOYSA-N
#34 73.0000@16.7705 MS1+,1,mainlib,273819,480.185,480,631,927,83.2,"Citric acid, 4TMS derivative",14330973,333874,VFGAVMGYDWDESE-UHFFFAOYSA-N
#37 73.0000@15.7320 MS1+,1,mainlib,243401,512.266,512,197,977,31.0,"Xylitol, 5TMS",14199725,331738,SUZLPERYXSOGNY-PMOLBWCYSA-N
#39 147.0000@9.6143 MS1+,1,replib,29519,204.111,204,-165,821,75.3,"Urea, 2TMS derivative",18297637,78870,MASDFXZJIDNRTR-UHFFFAOYSA-N
#40 117.0000@15.8134 MS1+,1,mainlib,119400,481.253,481,145,885,46.8,"D-Quinovose, tetrakis(trimethylsilyl) ether, methyloxime (syn)",128705522,481082,SXUVIFIZLGMRBJ-HFTAYITNSA-N
#41 73.0000@17.2459 MS1+,1,mainlib,86200,313.164,313,634,893,92.3,"L-3-Methylhistidine, 2TMS derivative",66434535,332923,BXFVVBRAFGURHG-LBPRGKRZSA-N
#42 361.0000@24.3018 MS1+,1,replib,43125,918.432,918,237,937,59.7,"Sucrose, 8TMS derivative",19159252,380091,JDAONBLATRVCRV-QZTQCLTNSA-N
#43 147.0000@8.7887 MS1+,1,mainlib,168057,276.151,276,-388,805,28.5,"Urea, 3TMS derivative",60615841,141368,NQXFXGMMTAPNOQ-UHFFFAOYSA-N
#44 147.0000@10.0336 MS1+,1,replib,29520,204.111,204,122,863,80.7,"Urea, 2TMS derivative",18297637,287789,MASDFXZJIDNRTR-UHFFFAOYSA-N
#45 147.0000@8.5259 MS1+,1,mainlib,168043,248.126,248,137,894,64.4,"Propanoic acid, 2-methyl-3-[(trimethylsilyl)oxy]-, trimethylsilyl ester",55530422,465412,ZLXJWFWIINAYRS-UHFFFAOYSA-N
#48 147.0000@9.5205 MS1+,1,replib,29519,204.111,204,-136,822,80.2,"Urea, 2TMS derivative",18297637,78870,MASDFXZJIDNRTR-UHFFFAOYSA-N
#49 206.0000@16.8893 MS1+,1,replib,20592,251.098,251,654,978,98.6,"Hippuric acid, TMS derivative",2078242,333156,BKKRGGOJGSDXNW-UHFFFAOYSA-N
#50 147.0000@10.9844 MS1+,1,replib,29519,204.111,204,256,879,94.3,"Urea, 2TMS derivative",18297637,78870,MASDFXZJIDNRTR-UHFFFAOYSA-N
#51 73.0000@13.8054 MS1+,1,replib,12387,424.195,424,475,928,91.9,"2,3,4-Trihydroxybutyric acid tetrakis(trimethylsilyl) deriv., (, (R*,R*)-)",38191887,281735,IEXXQBIANMZJJP-UHFFFAOYSA-N
#52 345.0000@17.2896 MS1+,1,mainlib,54719,552.261,552,122,831,88.5,Quininic acid (5TMS),0,413965,DBCLHKSGLLGXOV-UHFFFAOYSA-N
#54 73.0000@18.8597 MS1+,1,mainlib,52332,554.240,554,-117,899,40.8,"D-Glucuronic acid, 2,3,4,5-tetrakis-O-(trimethylsilyl)-, trimethylsilyl ester",55530808,79257,HDGFBGPNRURMOV-UHFFFAOYSA-N
#56 105.0000@16.8706 MS1+,1,replib,20592,251.098,251,475,922,97.1,"Hippuric acid, TMS derivative",2078242,333156,BKKRGGOJGSDXNW-UHFFFAOYSA-N
#57 73.0000@18.6783 MS1+,1,replib,38092,554.240,554,-211,841,17.6,".beta.-D-Glucopyranuronic acid, 5TMS derivative",52842247,33796,ZJKACRRFXMWHBG-UHFFFAOYSA-N
#58 73.0000@18.7283 MS1+,1,replib,12772,628.295,628,251,961,83.6,"D-Gluconic acid, 6TMS",34290523,99903,IVIMVRAMMWQMHJ-BXXSPATCSA-N
#59 73.0000@15.5944 MS1+,1,mainlib,50988,512.266,512,197,973,31.1,"D-(+)-Arabitol, 5TMS",25138287,380152,SUZLPERYXSOGNY-RTBURBONSA-N
#60 73.0000@15.4880 MS1+,1,mainlib,52331,378.171,378,-371,814,22.2,"Levoglucosan, 3TMS derivative",7449141,380375,OEPKLYQQZLBNKR-QMIVOQANSA-N
#63 73.0000@18.5908 MS1+,1,mainlib,50771,628.295,628,103,900,74.9,"D-Gluconic acid, 6TMS",34290523,495668,IVIMVRAMMWQMHJ-BXXSPATCSA-N
#64 217.0000@22.1000 MS1+,1,mainlib,243393,438.211,438,-103,939,28.7,"D-(-)-Ribofuranose, tetrakis(trimethylsilyl) ether (isomer 2)",0,380117,LDFPXMNJVPETIY-UHFFFAOYSA-N
#65 174.0000@9.7957 MS1+,1,mainlib,203361,277.171,277,146,964,25.2,"Ethanolamine, 3TMS derivative",5630819,352331,MZTOEZRSUGVLOG-UHFFFAOYSA-N
#67 73.0000@16.9206 MS1+,1,mainlib,273819,480.185,480,475,951,96.8,"Citric acid, 4TMS derivative",14330973,333874,VFGAVMGYDWDESE-UHFFFAOYSA-N
#69 441.0000@19.6791 MS1+,1,replib,12859,456.186,456,540,928,96.1,"9H-Purine, 9-(trimethylsilyl)-2,6,8-tris[(trimethylsilyl)oxy]-",959230898,465870,AFJHZOLZVMKSLY-UHFFFAOYSA-N
#70 73.0000@15.2441 MS1+,1,replib,12091,569.288,569,-331,846,10.2,"D-Fructose, 1,3,4,5,6-pentakis-O-(trimethylsilyl)-, O-methyloxime",56196146,33600,ACDMQGXCXUQPRR-FCDQGJHFSA-N
#72 189.0000@9.9647 MS1+,1,replib,29520,204.111,204,223,857,95.6,"Urea, 2TMS derivative",18297637,287789,MASDFXZJIDNRTR-UHFFFAOYSA-N
#75 267.0000@17.0019 MS1+,1,mainlib,270915,398.176,398,603,971,96.6,"3-(3-Hydroxyphenyl)-3-hydroxypropionic acid, tris-(O-trimethylsilyl)-",959231959,466162,UXEHNGHKNKIKDF-UHFFFAOYSA-N
#77 105.0000@16.7454 MS1+,1,replib,20593,323.137,323,255,855,98.4,"Hippuric acid, 2TMS derivative",55133852,15191,ISPSCQNROBRNPC-UHFFFAOYSA-N
#78 204.0000@24.7273 MS1+,1,mainlib,234004,947.459,947,122,974,50.3,"D-Lactose, octakis(trimethylsilyl) ether, methyloxime (isomer 1)",0,380103,KNAZTEWBFRPMHZ-HBAMXUDRSA-N
#80 73.0000@15.0627 MS1+,1,replib,12091,569.288,569,-217,880,5.1,"D-Fructose, 1,3,4,5,6-pentakis-O-(trimethylsilyl)-, O-methyloxime",56196146,33600,ACDMQGXCXUQPRR-FCDQGJHFSA-N
#81 73.0000@15.7886 MS1+,1,replib,12085,512.266,512,116,946,34.9,"Adonitol, 5TMS",32381536,79248,SUZLPERYXSOGNY-ACDBMABISA-N
#82 73.0000@15.8574 MS1+,1,replib,12574,512.266,512,-246,864,14.9,"Xylitol, 5TMS",14199725,24267,SUZLPERYXSOGNY-PMOLBWCYSA-N
#83 210.0000@14.3059 MS1+,1,replib,37485,225.155,225,685,977,82.5,"Gabapentin-lactam, TMS",-466011,419523,OWULDMYSHSAWGP-UHFFFAOYSA-N
#85 73.0000@15.0816 MS1+,1,mainlib,50958,438.211,438,405,920,49.1,"Erythro-Pentonic acid, 2-deoxy-3,4,5-tris-O-(trimethylsilyl)-, trimethylsilyl ester",74742306,149616,YBBDPOSMYVZLKS-UHFFFAOYSA-N
#86 174.0000@12.4418 MS1+,1,mainlib,203395,319.182,319,251,968,77.9,"3-Aminoisobutyric acid, 3TMS derivative",55125150,455008,CAYUWFAMARZETO-UHFFFAOYSA-N
#87 300.0000@9.9959 MS1+,1,mainlib,283525,314.095,314,152,848,93.4,"Silanol, trimethyl-, phosphate (3:1)",10497059,484581,QJMMCGKXBZVAEI-UHFFFAOYSA-N
#88 147.0000@8.8575 MS1+,1,mainlib,49959,262.142,262,-223,813,65.7,"Butanoic acid, 2-methyl-3-[(trimethylsilyl)oxy]-, trimethylsilyl ester",55557170,30833,REMFBAMFOOTXSI-UHFFFAOYSA-N
#89 147.0000@8.9325 MS1+,1,mainlib,168057,276.151,276,616,926,97.0,"Urea, 3TMS derivative",60615841,141368,NQXFXGMMTAPNOQ-UHFFFAOYSA-N
#91 147.0000@8.2572 MS1+,1,replib,29358,206.116,206,-331,842,19.0,"Ethylene glycol, 2TMS derivative",7381308,403351,JGWFUSVYECJQDT-UHFFFAOYSA-N
#92 73.0000@15.5381 MS1+,1,mainlib,49508,481.253,481,-143,890,33.2,"D-(+)-Xylose, tetrakis(trimethylsilyl) ether, ethyloxime (isomer 1)",0,394674,YYIQZXTZUAQYPO-HMMYKYKNSA-N
#93 73.0000@17.7589 MS1+,1,mainlib,51716,434.264,434,-109,842,86.8,"L-Lysine, 4TMS derivative",55429077,465716,NAMWUGJQNPIVND-KRWDZBQOSA-N
#94 73.0000@16.2449 MS1+,1,mainlib,53897,554.240,554,165,905,49.8,"2-Keto-l-gluconic acid, penta(O-trimethylsilyl)-",0,59824,MEGWTTBMNKDSPY-UHFFFAOYSA-N
#95 73.0000@17.5400 MS1+,1,mainlib,49469,569.288,569,-688,802,5.8,"D-Psicose, pentakis(trimethylsilyl) ether, methyloxime (syn)",0,380176,ACDMQGXCXUQPRR-NMWGTECJSA-N
#96 147.0000@8.7886 MS1+,1,mainlib,168057,276.151,276,204,867,78.7,"Urea, 3TMS derivative",60615841,141368,NQXFXGMMTAPNOQ-UHFFFAOYSA-N
#97 73.0000@10.9468 MS1+,1,mainlib,49993,336.161,336,256,873,73.7,"2,3-Dihydroxybutanoic acid tritms",71294309,465390,UFQZVEYAONLNKN-UHFFFAOYSA-N
#98 73.0000@16.3764 MS1+,1,mainlib,50768,526.245,526,-135,861,72.1,"Ribonic acid, 2,3,4,5-tetrakis-O-(trimethylsilyl)-, trimethylsilyl ester",57197350,99899,HUHNYCQTXQUQCH-UHFFFAOYSA-N
#101 147.0000@6.9123 MS1+,1,replib,29328,234.111,234,167,918,70.8,"Lactic Acid, 2TMS derivative",17596962,331664,HXRGKEOWDNVHPA-UHFFFAOYSA-N
#102 147.0000@13.2300 MS1+,1,replib,12587,410.216,410,167,914,47.9,"Erythritol, 4TMS derivative",25258020,149617,ZBFVOPVQUXWTHM-IYBDPMFKSA-N
#105 73.0000@15.9386 MS1+,1,mainlib,243416,452.227,452,-328,838,32.9,".beta.-L-Mannofuranose, 6-deoxy-1,2,3,5-tetrakis-O-(trimethylsilyl)-",56227373,25176,FNQGGQGRPMFEPG-UHFFFAOYSA-N
#106 73.0000@19.0474 MS1+,1,replib,12772,628.295,628,177,891,78.6,"D-Gluconic acid, 6TMS",34290523,99903,IVIMVRAMMWQMHJ-BXXSPATCSA-N
#108 73.0000@17.4397 MS1+,1,mainlib,50988,512.266,512,-558,816,10.3,"D-(+)-Arabitol, 5TMS",25138287,380152,SUZLPERYXSOGNY-RTBURBONSA-N
#110 73.0000@16.8955 MS1+,1,replib,12071,540.261,540,-457,809,20.5,"D-Fructose, 5TMS derivative",19126988,380124,LDUCAYFXHYLHLP-UHFFFAOYSA-N
#111 73.0000@11.2219 MS1+,1,mainlib,49993,336.161,336,441,920,56.0,"2,3-Dihydroxybutanoic acid tritms",71294309,465390,UFQZVEYAONLNKN-UHFFFAOYSA-N
#113 73.0000@21.7310 MS1+,1,mainlib,52600,466.206,466,-457,805,14.5,"Mannonic acid, .gamma.-lactone, 4TMS",55515305,17884,FTOCXQVQZOFUDF-NCOADZHNSA-N
#116 73.0000@13.7680 MS1+,1,mainlib,51073,424.195,424,490,931,91.2,"2,3,4-Trihydroxybutyric acid tetrakis(trimethylsilyl) deriv., (, (R*,R*)-)",38191887,352533,IEXXQBIANMZJJP-UHFFFAOYSA-N
#119 204.0000@24.8524 MS1+,1,mainlib,234004,947.459,947,148,974,26.6,"D-Lactose, octakis(trimethylsilyl) ether, methyloxime (isomer 1)",0,380103,KNAZTEWBFRPMHZ-HBAMXUDRSA-N
#120 73.0000@7.6316 MS1+,1,mainlib,50352,249.140,249,301,885,96.6,"Hydroxylamine, 3TMS derivative",21023201,366588,WEFDIXZMPUWSQQ-UHFFFAOYSA-N
#122 73.0000@18.9787 MS1+,1,replib,12401,612.301,612,411,967,80.6,"Scyllo-Inositol, 6TMS",14251184,195178,FRTKXRNTVMCAKI-QJJHVYBSSA-N
#124 147.0000@8.9325 MS1+,1,mainlib,168051,260.126,260,-367,829,13.1,"2-Butenoic acid, 3-methyl-2-[(trimethylsilyl)oxy]-, trimethylsilyl ester",55044796,12657,MSIWTYHCYLOUFV-UHFFFAOYSA-N
#126 73.0000@20.0859 MS1+,1,mainlib,54415,633.222,633,-331,847,11.8,"L-(+)-Gulose, pentakis(trimethylsilyl) ether, pentafluorobenzyloxime (isomer 2)",0,394618,TTZPMDRRMBWICM-OCSSWDANSA-N
#131 156.0000@13.2800 MS1+,1,mainlib,181368,273.122,273,342,957,43.8,"DL-Pyroglutamic acid, 2TMS",0,485772,QACGFKAUSXGLCU-UHFFFAOYSA-N
#133 73.0000@8.4758 MS1+,1,mainlib,51059,384.146,384,-122,845,45.9,"Trisiloxane, 1,1,1,5,5,5-hexamethyl-3,3-bis[(trimethylsilyl)oxy]-",3555473,62674,VNRWTCZXQWOWIG-UHFFFAOYSA-N
#138 456.0000@19.7731 MS1+,1,replib,12859,456.186,456,298,913,88.6,"9H-Purine, 9-(trimethylsilyl)-2,6,8-tris[(trimethylsilyl)oxy]-",959230898,465870,AFJHZOLZVMKSLY-UHFFFAOYSA-N
#140 73.0000@11.5159 MS1+,1,mainlib,49984,335.177,335,646,970,98.0,"L-Threonine, 3TMS derivative",7537022,333257,GTYBQDCOPQDAPP-NEPJUHHUSA-N
#142 73.0000@11.0719 MS1+,1,replib,12155,220.131,220,-211,844,42.2,"Propylene glycol, 2TMS derivative",17887273,149404,KNPUTZLNTMEYOY-UHFFFAOYSA-N
#144 73.0000@14.6063 MS1+,1,replib,12475,296.126,296,529,976,97.7,"4-Hydroxybenzeneacetic acid, 2TMS derivative",27750578,332875,FINLRQGHNQCJHK-UHFFFAOYSA-N
#146 147.0000@7.0934 MS1+,1,replib,29361,220.095,220,405,951,85.9,"Glycolic acid, 2TMS derivative",33581770,157076,MAEQOWMWOCEXKP-UHFFFAOYSA-N
#147 73.0000@12.0790 MS1+,1,replib,12363,336.161,336,598,956,98.3,"Butanoic acid, 3,4-bis[(trimethylsilyl)oxy]-, trimethylsilyl ester",55191532,99897,OQDJJXAACZVZRO-UHFFFAOYSA-N
#148 147.0000@9.8458 MS1+,1,replib,29520,204.111,204,301,926,89.9,"Urea, 2TMS derivative",18297637,287789,MASDFXZJIDNRTR-UHFFFAOYSA-N
#151 73.0000@14.9190 MS1+,1,mainlib,49469,569.288,569,-113,940,4.5,"D-Psicose, pentakis(trimethylsilyl) ether, methyloxime (syn)",0,380176,ACDMQGXCXUQPRR-NMWGTECJSA-N
#153 73.0000@11.4095 MS1+,1,mainlib,119390,350.176,350,1031,971,93.5,"2,3-Dihydroxy-2-methylbutanoic acid, 3TMS",0,501133,ZZCPACVOGVXYGG-UHFFFAOYSA-N
#155 73.0000@11.5723 MS1+,1,replib,12160,335.177,335,143,831,88.3,"L-Threonine, 3TMS derivative",7537022,15549,GTYBQDCOPQDAPP-NEPJUHHUSA-N
#159 218.0000@17.9466 MS1+,1,replib,38130,397.192,397,195,969,77.7,"L-Tyrosine, 3TMS derivative",51220736,333254,WMWBCQXPKSQMOK-KRWDZBQOSA-N
#165 73.0000@25.1589 MS1+,1,replib,36954,918.432,918,-151,893,11.1,".beta.-Lactose, 8TMS derivative",55529685,147604,QJZFVYJIGWEKIR-CHAGSOJVSA-N
#166 73.0000@15.0378 MS1+,1,mainlib,290544,341.133,341,136,820,94.2,"Taurine, 3TMS derivative",0,366685,MYBLXZCUTSINIT-UHFFFAOYSA-N
#168 204.0000@21.5685 MS1+,1,mainlib,233859,686.337,686,113,933,35.9,"2-O-Glycerol-.alpha.-d-galactopyranoside, hexa-TMS",0,98090,ADPMNKPURASUCV-KQZFZZGISA-N
#169 299.0000@10.2213 MS1+,1,replib,41975,314.095,314,326,959,86.9,"Silanol, trimethyl-, phosphate (3:1)",10497059,334839,QJMMCGKXBZVAEI-UHFFFAOYSA-N
#171 73.0000@17.0271 MS1+,1,mainlib,53819,494.201,494,-101,831,90.2,"Methylcitric acid, tetrakis(O-trimethylsilyl)-",0,79481,HPVCSLKJFDTUAG-UHFFFAOYSA-N
#173 294.0000@20.2860 MS1+,1,mainlib,281646,309.144,309,124,873,82.9,"7H-Purin-2-amine, 7-methyl-N-(trimethylsilyl)-6-[(trimethylsilyl)oxy]-",32958864,23288,FEIKQPPOPLSMRG-UHFFFAOYSA-N
#174 383.0000@20.6552 MS1+,1,mainlib,55179,398.163,398,276,908,50.9,"7-Methyluric acid, 3TMS derivative",0,479309,XKQAJBXHUPRDDC-UHFFFAOYSA-N
#175 73.0000@12.5919 MS1+,1,mainlib,50997,335.140,335,119,823,91.6,"2-Aminomalonic acid, N,O,O,-TMS",959080514,79525,HFJBTSWFKQDXSU-UHFFFAOYSA-N
#176 73.0000@10.2588 MS1+,1,replib,22884,322.182,322,133,846,65.2,"1,2,3-Butanetriol, 3TMS derivative",33581769,414028,YXTPRNAJOICBLA-UHFFFAOYSA-N
#180 156.0000@13.2488 MS1+,1,mainlib,181368,273.122,273,411,966,42.7,"DL-Pyroglutamic acid, 2TMS",0,485772,QACGFKAUSXGLCU-UHFFFAOYSA-N
#185 204.0000@25.0462 MS1+,1,mainlib,234004,947.459,947,148,974,30.6,"D-Lactose, octakis(trimethylsilyl) ether, methyloxime (isomer 1)",0,380103,KNAZTEWBFRPMHZ-HBAMXUDRSA-N
#192 73.0000@24.8085 MS1+,1,mainlib,54407,947.459,947,-103,871,40.1,"2-.alpha.-Mannobiose, octakis(trimethylsilyl) ether, methyloxime (isomer 1)",0,380107,MRJCSXFCSPYKSK-DZTJYMNTSA-N
#200 73.0000@22.6630 MS1+,1,replib,12586,554.240,554,-181,847,27.3,"D-Glucuronic acid, 2,3,4,5-tetrakis-O-(trimethylsilyl)-, trimethylsilyl ester",55530808,24275,HDGFBGPNRURMOV-UHFFFAOYSA-N
#201 73.0000@22.5692 MS1+,1,replib,38092,554.240,554,-388,810,32.6,".beta.-D-Glucopyranuronic acid, 5TMS derivative",52842247,33796,ZJKACRRFXMWHBG-UHFFFAOYSA-N
#209 73.0000@14.6688 MS1+,1,replib,29383,300.085,300,223,855,91.8,"2,5-Furandicarboxylic acid, 2TMS derivative",55494092,30899,LKRIBXGMWFBGRX-UHFFFAOYSA-N
#210 295.0000@19.0723 MS1+,1,mainlib,281727,310.128,310,405,957,84.7,"7-Methylxanthine, 2TMS derivative",0,333949,XGBUDYKEDOGSQK-UHFFFAOYSA-N
#214 326.0000@15.0564 MS1+,1,mainlib,290544,341.133,341,300,889,95.3,"Taurine, 3TMS derivative",0,366685,MYBLXZCUTSINIT-UHFFFAOYSA-N
#216 73.0000@22.4880 MS1+,1,mainlib,51808,572.248,572,298,918,88.7,"p-Tolyl-.beta.-D-glucuronide, tris(trimethylsilyl) ether, trimethylsilyl ester",0,380159,KEYSANSPWMIMAN-UHFFFAOYSA-N
#221 73.0000@16.1449 MS1+,1,replib,12802,460.172,460,232,875,87.0,"Phosphoric acid, bis(trimethylsilyl) 2,3-bis[(trimethylsilyl)oxy]propyl ester",31038116,79108,OSNKBCBCOYHYNF-UHFFFAOYSA-N
#225 116.0000@7.4750 MS1+,1,mainlib,118500,233.127,233,-100,946,34.1,"Sarcosine, 2TMS derivative",7364434,79236,NBSLFBORXHPAGU-UHFFFAOYSA-N
#230 341.0000@20.6175 MS1+,1,replib,12164,356.311,356,143,833,94.7,"Stearic acid, TMS derivative",18748919,71613,DDLPZVTUKLKVQB-UHFFFAOYSA-N
#231 96.0000@16.5952 MS1+,1,replib,18306,313.164,313,225,870,97.3,"L-3-Methylhistidine, 2TMS derivative",66434535,333776,BXFVVBRAFGURHG-LBPRGKRZSA-N
#237 217.0000@15.9135 MS1+,1,mainlib,243408,540.261,540,-185,888,24.8,".beta.-D-Galactofuranose, 1,2,3,5,6-pentakis-O-(trimethylsilyl)-",7045525,18306,ZIWXPOHHTJQHTN-UHFFFAOYSA-N
#239 207.0000@6.8121 MS1+,1,replib,12561,310.127,310,515,956,54.3,"Tetrasiloxane, decamethyl-",141628,14710,YFCGDEUVHLPRCZ-UHFFFAOYSA-N
#246 73.0000@28.1988 MS1+,1,mainlib,215083,694.284,694,168,848,95.7,"Naproxen glucuronide, tetrakis-O-TMS",0,466107,VBTPDXPUFCUYAL-UHFFFAOYSA-N
#252 73.0000@19.4853 MS1+,1,mainlib,55179,398.163,398,233,894,91.2,"7-Methyluric acid, 3TMS derivative",0,479309,XKQAJBXHUPRDDC-UHFFFAOYSA-N
#255 204.0000@21.9062 MS1+,1,mainlib,233879,686.337,686,116,906,53.9,Glyceryl-glycoside TMS ether,0,365901,RQUFURWXNXVLSS-UHFFFAOYSA-N
#258 103.0000@11.8474 MS1+,1,mainlib,94899,336.161,336,475,958,90.6,"Butanoic acid, 2,4-bis[(trimethylsilyl)oxy]-, trimethylsilyl ester",55191521,465601,LVLAUUNRZLEVPB-UHFFFAOYSA-N
#259 174.0000@19.3164 MS1+,1,replib,33574,471.248,471,-493,833,8.1,"Silanamine, N-[1-[3-methoxy-4-[(trimethylsilyl)oxy]phenyl]-2-[(trimethylsilyl)oxy]ethyl]-1,1,1-trimethyl-N-(trimethylsilyl)-",56114604,24801,GNDMCXGNNNGAMV-UHFFFAOYSA-N
#262 73.0000@22.3253 MS1+,1,mainlib,51437,671.338,671,-315,818,64.4,"D-Glycero-D-gulo-Heptose, 2,3,4,5,6,7-hexakis-O-(trimethylsilyl)-, O-methyloxime",56196157,33598,SMBGLBTVRXTELZ-NHFJDJAPSA-N
#263 165.0000@8.1508 MS1+,1,mainlib,192620,180.097,180,155,908,73.3,"p-Cresol, TMS derivative",17902328,331753,KWNZPYGXIBVQKX-UHFFFAOYSA-N
#264 218.0000@21.2929 MS1+,1,mainlib,244152,528.182,528,702,975,98.8,"L-Cystine, 4TMS derivative",69688444,333695,QLOSYBGVFCKXGZ-UHFFFAOYSA-N
#266 204.0000@25.7781 MS1+,1,mainlib,234604,947.459,947,-331,844,13.3,".beta.-Gentiobiose, octakis(trimethylsilyl) ether, methyloxime (isomer 1)",0,380109,IBUWRFQPAQWUEY-DZTJYMNTSA-N
#270 147.0000@13.5740 MS1+,1,replib,12374,286.106,286,-103,824,92.1,"5-Hydroxymethyl-2-furoic acid, 2TMS derivative",55517403,30956,XHRIJDKBFZGXAB-UHFFFAOYSA-N
#275 84.0000@8.3760 MS1+,1,mainlib,66550,185.142,185,-104,990,15.0,"N-Methyl-L-proline, butyl ester",0,452774,TXARCVDUIMCSNN-UHFFFAOYSA-N
#277 174.0000@23.3885 MS1+,1,mainlib,203254,415.230,415,-151,949,5.3,"3-(2-Aminoethyl)-2-methyl-1H-indole-5-carbonitrile, 3TMS derivative",0,468605,FKNSEMRPWNOGAB-UHFFFAOYSA-N
#291 73.0000@25.4092 MS1+,1,mainlib,52324,918.432,918,-407,812,16.6,"3-.alpha.-Mannobiose, octakis(trimethylsilyl) ether (isomer 2)",0,380096,WXJNZFSBOWRWBP-UHFFFAOYSA-N
#294 179.0000@9.4956 MS1+,1,replib,34135,236.123,236,-186,804,50.6,"Benzoic Acid, TBDMS derivative",75732411,373355,GPSVOHKZRIFVOF-UHFFFAOYSA-N
#298 299.0000@11.2534 MS1+,1,mainlib,283525,314.095,314,248,953,50.8,"Silanol, trimethyl-, phosphate (3:1)",10497059,484581,QJMMCGKXBZVAEI-UHFFFAOYSA-N
#309 156.0000@22.9257 MS1+,1,mainlib,51308,408.190,408,1452,937,90.1,"Phenylacetylglutamine, N,O-bis-TMS",0,466186,QKZIAZLDMXJTCK-UHFFFAOYSA-N
#310 297.0000@17.3335 MS1+,1,mainlib,282521,370.163,370,-158,848,73.5,"Benzeneacetic acid, 3-methoxy-.alpha.,4-bis[(trimethylsilyl)oxy]-, ethyl ester",55590982,43671,VODUWRRXUOCWPI-UHFFFAOYSA-N
#314 174.0000@12.1415 MS1+,1,mainlib,203396,305.166,305,481,967,93.5,".beta.-Alanine, 3TMS derivative",55255771,153057,MKLCEJSOJVLNMP-UHFFFAOYSA-N
#328 91.0000@22.9006 MS1+,1,mainlib,51308,408.190,408,296,828,93.0,"Phenylacetylglutamine, N,O-bis-TMS",0,466186,QKZIAZLDMXJTCK-UHFFFAOYSA-N
#353 147.0000@10.8656 MS1+,1,mainlib,168051,260.126,260,-118,883,47.9,"2-Butenoic acid, 3-methyl-2-[(trimethylsilyl)oxy]-, trimethylsilyl ester",55044796,12657,MSIWTYHCYLOUFV-UHFFFAOYSA-N
#357 147.0000@11.9351 MS1+,1,mainlib,48146,290.137,290,354,913,93.4,"3-Methylglutaric acid, 2TMS derivative",55517414,23991,JOPZTTHKNFWHFT-UHFFFAOYSA-N
#359 144.0000@9.1015 MS1+,1,mainlib,164266,261.158,261,-157,864,50.6,"Valine, 2TMS derivative",15984937,386634,UJMRIWMQZDBOTB-UHFFFAOYSA-N
#362 147.0000@9.2579 MS1+,1,replib,29519,204.111,204,-165,830,73.6,"Urea, 2TMS derivative",18297637,78870,MASDFXZJIDNRTR-UHFFFAOYSA-N
#365 73.0000@26.3849 MS1+,1,mainlib,52350,947.459,947,-558,820,10.3,"Maltose, octakis(trimethylsilyl) ether, methyloxime (isomer 2)",0,380102,KNAZTEWBFRPMHZ-DZTJYMNTSA-N
#368 158.0000@9.9022 MS1+,1,replib,31183,275.174,275,116,907,34.4,"L-Norleucine, 2TMS derivative",55320111,23107,PYFDJFOVTXNRGI-NSHDSACASA-N
#375 117.0000@11.8477 MS1+,1,mainlib,119381,539.277,539,-315,813,62.9,"L-(-)-Fucose, tetrakis(trimethylsilyl) ether, trimethylsilyloxime (isomer 2)",0,380391,ZUYWEDLNBOREDE-BQJUDKOJSA-N
#379 73.0000@25.4155 MS1+,1,mainlib,53691,599.281,599,320,839,97.4,"Guanosine, N,N-dimethyl-1-(trimethylsilyl)-2',3',5'-tris-O-(trimethylsilyl)-",55556848,466077,UGTFKWDWHJZQAL-ZDXOVATRSA-N
#380 365.0000@19.3602 MS1+,1,replib,43152,365.166,365,119,829,79.3,"1H-Indole, 1-(trimethysilyl)-2,5-bis[(trimethylsilyl)oxy]-",74381412,466123,HMOBUWIJYJXNKQ-UHFFFAOYSA-N
#383 73.0000@22.3751 MS1+,1,replib,12576,512.266,512,-334,823,21.4,"L-Arabinitol, 5TMS",14199736,79245,SUZLPERYXSOGNY-OALUTQOASA-N
#387 307.0000@15.0628 MS1+,1,replib,12091,569.288,569,-407,811,13.8,"D-Fructose, 1,3,4,5,6-pentakis-O-(trimethylsilyl)-, O-methyloxime",56196146,33600,ACDMQGXCXUQPRR-FCDQGJHFSA-N
#389 174.0000@19.9231 MS1+,1,mainlib,203258,458.156,458,-253,881,8.6,"4,6-Dichloro-2-methyl-1H-indole-3-ethanamine, N,N,N'-tris(trimethylsilyl)-",0,470825,OUEQJHZOZMEVLG-UHFFFAOYSA-N
#396 221.0000@6.9685 MS1+,1,mainlib,246303,236.108,236,-181,846,74.4,"Trisiloxane, octamethyl-",107517,11382,CXQXSVUQTKDNFP-UHFFFAOYSA-N
#398 96.0000@16.4952 MS1+,1,replib,18306,313.164,313,193,853,97.0,"L-3-Methylhistidine, 2TMS derivative",66434535,333776,BXFVVBRAFGURHG-LBPRGKRZSA-N
#414 73.0000@12.7484 MS1+,1,mainlib,53710,518.132,518,222,862,94.6,"Cycloheptasiloxane, tetradecamethyl-",107506,153820,GSANOGQCVHBHIF-UHFFFAOYSA-N
#415 232.0000@13.2362 MS1+,1,mainlib,252951,349.156,349,-119,831,77.8,"Aspartic acid, 3TMS derivative",15985054,283842,CTMXPIJTHHSEEF-UHFFFAOYSA-N
#418 174.0000@9.8083 MS1+,1,mainlib,203333,421.190,421,-170,918,5.5,"2-Amino-1-[3-(trifluoromethyl)phenyl]ethan-1-ol, 3TMS",0,504367,MXRCIYGFOWJELF-UHFFFAOYSA-N
#429 73.0000@16.0449 MS1+,1,replib,41923,312.121,312,137,826,80.5,"Vanillic Acid, 2TMS derivative",2078151,71663,UQZKEPFYTGMPKU-UHFFFAOYSA-N
#432 353.0000@18.7848 MS1+,1,mainlib,54836,368.152,368,-155,859,73.1,"Xanthine, 3TMS derivative",18551036,23550,XGJGXMUBMBXZQP-UHFFFAOYSA-N
#434 204.0000@25.8346 MS1+,1,mainlib,52324,918.432,918,-501,805,14.3,"3-.alpha.-Mannobiose, octakis(trimethylsilyl) ether (isomer 2)",0,380096,WXJNZFSBOWRWBP-UHFFFAOYSA-N
#443 281.0000@8.5134 MS1+,1,mainlib,276778,384.146,384,178,870,93.5,"Pentasiloxane, dodecamethyl-",141639,352501,FBZANXDWQAVSTQ-UHFFFAOYSA-N
#446 130.0000@8.4698 MS1+,1,mainlib,141899,247.142,247,-190,866,23.9,"2-(Ethylamino)acetic acid, N-trimethylsilyl-, trimethylsilyl ester",0,504822,MLVXKAWAZZOLAN-UHFFFAOYSA-N
#449 406.0000@21.0116 MS1+,1,mainlib,302131,421.156,421,473,907,94.5,"Xanthurenic acid, 3TMS derivative",55319896,17345,YLJWZSLESGYQOM-UHFFFAOYSA-N
#452 204.0000@27.6485 MS1+,1,mainlib,233859,686.337,686,-246,868,11.8,"2-O-Glycerol-.alpha.-d-galactopyranoside, hexa-TMS",0,98090,ADPMNKPURASUCV-KQZFZZGISA-N
#454 218.0000@12.3229 MS1+,1,replib,38124,335.177,335,-175,827,75.7,"Homoserine, 3TMS derivative",1177129586,71910,IAMMXRHRWPDMTQ-LBPRGKRZSA-N
#459 73.0000@21.1180 MS1+,1,replib,12750,614.316,614,120,884,31.4,"D-Mannitol, 6TMS",14317078,33848,USBJDBWAPKNPCK-MOUTVQLLSA-N
#463 204.0000@23.0009 MS1+,1,mainlib,234472,438.193,438,-503,830,9.8,"Dimethyl hexopyranosiduronate, .alpha.-D-, 3TMS derivative",56271137,25227,YBPUSDOFUOGIOU-HNLJFRNMSA-N
#473 361.0000@29.8003 MS1+,1,mainlib,297426,1674.775,1674,-224,867,22.6,"Glucopyranoside, O-1,3,4,6-tetrakis-O-(trimethylsilyl)-.beta.-D-fructofuranosyl-(2.fwdarw.1)-O-3,4,6-tris-O-(trimethylsilyl)-.beta.-D-fructofuranosyl-(2.fwdarw.1)-3,4,6-tris-O-(trimethylsilyl)-.beta.-D-fructofuranosyl, .alpha.-D-",32831699,31167,FZGVXEOQQVKACX-UHFFFAOYSA-N
#494 152.0000@7.9882 MS1+,1,mainlib,177132,167.077,167,112,847,90.9,"3-Pyridinol, TMS derivative",41571884,352507,KFFLURFUDWDCFK-UHFFFAOYSA-N
#496 147.0000@9.0639 MS1+,1,replib,41366,384.146,384,130,857,55.8,"Pentasiloxane, dodecamethyl-",141639,52160,FBZANXDWQAVSTQ-UHFFFAOYSA-N
#498 147.0000@10.6526 MS1+,1,mainlib,167903,262.142,262,146,920,79.8,"5-Trimethylsilyloxy-n-valeric acid, trimethylsilyl ester",0,79468,DSLUSSXMVQDROW-UHFFFAOYSA-N
#500 341.0000@10.4964 MS1+,1,replib,12776,444.113,444,976,951,95.8,"Cyclohexasiloxane, dodecamethyl-",540976,52166,IUMSDRXLFWAGNT-UHFFFAOYSA-N
#502 73.0000@7.9506 MS1+,1,mainlib,50563,262.142,262,-183,817,27.7,"2-Hydroxy-2-methylbutyric acid, 2TMS derivative",55557181,23905,PQXMCGRVSCUUKA-UHFFFAOYSA-N
#506 217.0000@29.9568 MS1+,1,mainlib,297316,845.409,845,-359,832,13.9,"Palatinose, heptakis(trimethylsilyl) ether, methyloxime",0,380111,DZJKOQFIBZROAK-PPFNPFNJSA-N
#509 287.0000@16.9770 MS1+,1,mainlib,53819,494.201,494,192,850,98.5,"Methylcitric acid, tetrakis(O-trimethylsilyl)-",0,79481,HPVCSLKJFDTUAG-UHFFFAOYSA-N
#512 73.0000@23.2448 MS1+,1,mainlib,169110,888.225,888,-119,879,59.1,Tetracosamethyl-cyclododecasiloxane,18919943,146517,SOGKSNZFDBFKCV-UHFFFAOYSA-N
#531 361.0000@30.9638 MS1+,1,mainlib,297343,918.432,918,167,914,45.3,"Sucrose, 8TMS derivative",19159252,24810,JDAONBLATRVCRV-QZTQCLTNSA-N
#549 217.0000@30.1882 MS1+,1,mainlib,297343,918.432,918,-258,858,31.2,"Sucrose, 8TMS derivative",19159252,24810,JDAONBLATRVCRV-QZTQCLTNSA-N
#550 147.0000@9.2703 MS1+,1,mainlib,167900,262.142,262,-229,839,43.5,"2-Ethyl-3-hydroxypropionic acid, di-TMS",0,72001,NOZIRIVQUPXLEI-UHFFFAOYSA-N
#556 361.0000@30.6198 MS1+,1,mainlib,297316,845.409,845,-185,886,20.9,"Palatinose, heptakis(trimethylsilyl) ether, methyloxime",0,380111,DZJKOQFIBZROAK-PPFNPFNJSA-N
#564 361.0000@29.8316 MS1+,1,mainlib,297426,1674.775,1674,-371,818,25.6,"Glucopyranoside, O-1,3,4,6-tetrakis-O-(trimethylsilyl)-.beta.-D-fructofuranosyl-(2.fwdarw.1)-O-3,4,6-tris-O-(trimethylsilyl)-.beta.-D-fructofuranosyl-(2.fwdarw.1)-3,4,6-tris-O-(trimethylsilyl)-.beta.-D-fructofuranosyl, .alpha.-D-",32831699,31167,FZGVXEOQQVKACX-UHFFFAOYSA-N
#565 204.0000@30.4322 MS1+,1,mainlib,297316,845.409,845,-359,832,13.3,"Palatinose, heptakis(trimethylsilyl) ether, methyloxime",0,380111,DZJKOQFIBZROAK-PPFNPFNJSA-N
#569 361.0000@29.9130 MS1+,1,mainlib,297343,918.432,918,-315,818,47.8,"Sucrose, 8TMS derivative",19159252,24810,JDAONBLATRVCRV-QZTQCLTNSA-N
#577 73.0000@34.3604 MS1+,1,mainlib,119340,558.326,558,-138,892,28.7,"Nonaethylene glycol, 2TMS derivative",0,352059,PCEGVTNTURVUCU-UHFFFAOYSA-N
#586 73.0000@30.0817 MS1+,1,mainlib,52606,466.206,466,-388,809,18.7,"Gluconic acid, .gamma.-lactone, 4TMS",55515338,17877,FTOCXQVQZOFUDF-WCXIOVBPSA-N
#596 221.0000@25.2840 MS1+,1,mainlib,169110,888.225,888,-148,848,72.1,Tetracosamethyl-cyclododecasiloxane,18919943,146517,SOGKSNZFDBFKCV-UHFFFAOYSA-N
#600 129.0000@27.6736 MS1+,1,replib,26081,458.394,458,256,925,85.5,"Cholesterol, TMS derivative",1856059,424223,CBVJJGRSRFXUPK-OCBUSCMESA-N
#632 361.0000@30.9450 MS1+,1,replib,43125,918.432,918,140,821,87.3,"Sucrose, 8TMS derivative",19159252,380091,JDAONBLATRVCRV-QZTQCLTNSA-N
#633 204.0000@31.7268 MS1+,1,mainlib,233908,918.432,918,-331,848,7.9,".beta.-D-Lactose, (isomer 1), 8TMS derivative",0,380087,QJZFVYJIGWEKIR-UHFFFAOYSA-N
#642 204.0000@28.3366 MS1+,1,replib,36954,918.432,918,-359,831,18.8,".beta.-Lactose, 8TMS derivative",55529685,147604,QJZFVYJIGWEKIR-CHAGSOJVSA-N
#645 204.0000@32.1772 MS1+,1,mainlib,52302,947.459,947,-407,817,7.4,"D-(+)-Cellobiose, octakis(trimethylsilyl) ether, methyloxime (isomer 2)",0,380099,KNAZTEWBFRPMHZ-DZTJYMNTSA-N
#651 204.0000@33.1968 MS1+,1,mainlib,54947,846.393,846,-558,811,5.8,"D-Trehalose, 7TMS derivative",60065056,79241,UKHUTQREQAFREY-UHFFFAOYSA-N
#656 204.0000@31.9522 MS1+,1,mainlib,233967,918.432,918,-388,808,26.2,"D-Glucose, 4-O-[.beta.-D-glucopyranosyl], 8TMS",56145256,24814,WYWLKMPVLWYQIP-WOPFHDOBSA-N
#657 217.0000@21.7122 MS1+,1,replib,38053,604.267,604,1277,917,97.8,Pseudo uridine penta-tms,53294250,465881,XHLZQKAETJELAB-UHFFFAOYSA-N
#658 204.0000@33.2719 MS1+,1,mainlib,234604,947.459,947,-185,885,15.2,".beta.-Gentiobiose, octakis(trimethylsilyl) ether, methyloxime (isomer 1)",0,380109,IBUWRFQPAQWUEY-DZTJYMNTSA-N
#665 204.0000@31.2452 MS1+,1,mainlib,297316,845.409,845,-688,809,6.2,"Palatinose, heptakis(trimethylsilyl) ether, methyloxime",0,380111,DZJKOQFIBZROAK-PPFNPFNJSA-N
#676 253.0000@28.9683 MS1+,1,mainlib,264256,696.446,696,388,940,94.6,"Ursocholic Acid, 4TMS derivative",0,479262,FUBDSUQXLCQNJD-JXJHTHHKSA-N